﻿<?xml version="1.0" encoding="utf-8"?>
<ArrayOfOrder xmlns:xsi="http://www.w3.org/2001/XMLSchema-instance" xmlns:xsd="http://www.w3.org/2001/XMLSchema">
  <Order>
    <ID>0</ID>
    <CustomerName>moshe</CustomerName>
    <CustomerEmail>shira@gmail.com</CustomerEmail>
    <CustomerAdress>tel aviv</CustomerAdress>
    <OrderDate>2023-01-19T17:26:49.5036246+02:00</OrderDate>
    <ShipDate>2023-01-19T17:26:49.5036838+02:00</ShipDate>
    <DeliveryDate>2023-01-19T17:26:49.5037138+02:00</DeliveryDate>
  </Order>
  <Order>
    <ID>1</ID>
    <CustomerName>haim</CustomerName>
    <CustomerEmail>moshe@gmail.com</CustomerEmail>
    <CustomerAdress>bnei brak</CustomerAdress>
    <OrderDate>2023-01-19T17:26:49.5043939+02:00</OrderDate>
    <ShipDate>2023-01-19T17:26:49.5043956+02:00</ShipDate>
    <DeliveryDate>2023-01-19T17:26:49.5043957+02:00</DeliveryDate>
  </Order>
  <Order>
    <ID>2</ID>
    <CustomerName>shira</CustomerName>
    <CustomerEmail>haim@gmail.com</CustomerEmail>
    <CustomerAdress>tel aviv</CustomerAdress>
    <OrderDate>2023-01-19T17:26:49.504397+02:00</OrderDate>
    <ShipDate>2023-01-19T17:26:49.5043971+02:00</ShipDate>
    <DeliveryDate>2023-01-19T17:26:49.5043973+02:00</DeliveryDate>
  </Order>
  <Order>
    <ID>3</ID>
    <CustomerName>neta</CustomerName>
    <CustomerEmail>moshe@gmail.com</CustomerEmail>
    <CustomerAdress>givhat shmuel</CustomerAdress>
    <OrderDate>2023-01-19T17:26:49.5043976+02:00</OrderDate>
    <ShipDate>2023-01-19T17:26:49.5043977+02:00</ShipDate>
    <DeliveryDate>2023-01-19T17:26:49.5043978+02:00</DeliveryDate>
  </Order>
  <Order>
    <ID>4</ID>
    <CustomerName>shira</CustomerName>
    <CustomerEmail>neta@gmail.com</CustomerEmail>
    <CustomerAdress>bnei brak</CustomerAdress>
    <OrderDate>2023-01-19T17:26:49.504398+02:00</OrderDate>
    <ShipDate>2023-01-19T17:26:49.5043982+02:00</ShipDate>
    <DeliveryDate>2023-01-19T17:26:49.5043983+02:00</DeliveryDate>
  </Order>
  <Order>
    <ID>5</ID>
    <CustomerName>haim</CustomerName>
    <CustomerEmail>shira@gmail.com</CustomerEmail>
    <CustomerAdress>givhat shmuel</CustomerAdress>
    <OrderDate>2023-01-19T17:26:49.5043995+02:00</OrderDate>
    <ShipDate>2023-01-19T17:26:49.5043996+02:00</ShipDate>
    <DeliveryDate>2023-01-19T17:26:49.5043997+02:00</DeliveryDate>
  </Order>
  <Order>
    <ID>6</ID>
    <CustomerName>moshe</CustomerName>
    <CustomerEmail>shira@gmail.com</CustomerEmail>
    <CustomerAdress>bnei brak</CustomerAdress>
    <OrderDate>2023-01-19T17:26:49.5044+02:00</OrderDate>
    <ShipDate>2023-01-19T17:26:49.5044001+02:00</ShipDate>
    <DeliveryDate>2023-01-19T17:26:49.5044002+02:00</DeliveryDate>
  </Order>
  <Order>
    <ID>7</ID>
    <CustomerName>haim</CustomerName>
    <CustomerEmail>haim@gmail.com</CustomerEmail>
    <CustomerAdress>tel aviv</CustomerAdress>
    <OrderDate>2023-01-19T17:26:49.5044005+02:00</OrderDate>
    <ShipDate>2023-01-19T17:26:49.5044006+02:00</ShipDate>
    <DeliveryDate>2023-01-19T17:26:49.5044007+02:00</DeliveryDate>
  </Order>
  <Order>
    <ID>8</ID>
    <CustomerName>haim</CustomerName>
    <CustomerEmail>neta@gmail.com</CustomerEmail>
    <CustomerAdress>ramat gan</CustomerAdress>
    <OrderDate>2023-01-19T17:26:49.5044009+02:00</OrderDate>
    <ShipDate>2023-01-19T17:26:49.504401+02:00</ShipDate>
    <DeliveryDate>2023-01-19T17:26:49.5044012+02:00</DeliveryDate>
  </Order>
  <Order>
    <ID>9</ID>
    <CustomerName>moshe</CustomerName>
    <CustomerEmail>michal@gmail.com</CustomerEmail>
    <CustomerAdress>ramat gan</CustomerAdress>
    <OrderDate>2023-01-19T17:26:49.5044015+02:00</OrderDate>
    <ShipDate>2023-01-19T17:26:49.5044016+02:00</ShipDate>
    <DeliveryDate>2023-01-19T17:26:49.5044018+02:00</DeliveryDate>
  </Order>
  <Order>
    <ID>10</ID>
    <CustomerName>michal</CustomerName>
    <CustomerEmail>shira@gmail.com</CustomerEmail>
    <CustomerAdress>beit shemesh</CustomerAdress>
    <OrderDate>2023-01-19T17:26:49.504402+02:00</OrderDate>
    <ShipDate>2023-01-19T17:26:49.5044021+02:00</ShipDate>
    <DeliveryDate>2023-01-19T17:26:49.5044022+02:00</DeliveryDate>
  </Order>
  <Order>
    <ID>11</ID>
    <CustomerName>michal</CustomerName>
    <CustomerEmail>michal@gmail.com</CustomerEmail>
    <CustomerAdress>beit shemesh</CustomerAdress>
    <OrderDate>2023-01-19T17:26:49.5044025+02:00</OrderDate>
    <ShipDate>2023-01-19T17:26:49.5044026+02:00</ShipDate>
    <DeliveryDate>2023-01-19T17:26:49.5044027+02:00</DeliveryDate>
  </Order>
  <Order>
    <ID>12</ID>
    <CustomerName>haim</CustomerName>
    <CustomerEmail>michal@gmail.com</CustomerEmail>
    <CustomerAdress>bnei brak</CustomerAdress>
    <OrderDate>2023-01-19T17:26:49.5044029+02:00</OrderDate>
    <ShipDate>2023-01-19T17:26:49.504403+02:00</ShipDate>
    <DeliveryDate>2023-01-19T17:26:49.5044031+02:00</DeliveryDate>
  </Order>
  <Order>
    <ID>13</ID>
    <CustomerName>moshe</CustomerName>
    <CustomerEmail>neta@gmail.com</CustomerEmail>
    <CustomerAdress>bnei brak</CustomerAdress>
    <OrderDate>2023-01-19T17:26:49.5044034+02:00</OrderDate>
    <ShipDate>2023-01-19T17:26:49.5044035+02:00</ShipDate>
    <DeliveryDate>2023-01-19T17:26:49.5044036+02:00</DeliveryDate>
  </Order>
  <Order>
    <ID>14</ID>
    <CustomerName>michal</CustomerName>
    <CustomerEmail>haim@gmail.com</CustomerEmail>
    <CustomerAdress>tel aviv</CustomerAdress>
    <OrderDate>2023-01-19T17:26:49.5044038+02:00</OrderDate>
    <ShipDate>2023-01-19T17:26:49.504404+02:00</ShipDate>
    <DeliveryDate>2023-01-19T17:26:49.5044041+02:00</DeliveryDate>
  </Order>
  <Order>
    <ID>15</ID>
    <CustomerName>shira</CustomerName>
    <CustomerEmail>neta@gmail.com</CustomerEmail>
    <CustomerAdress>givhat shmuel</CustomerAdress>
    <OrderDate>2023-01-19T17:26:49.5044043+02:00</OrderDate>
    <ShipDate>2023-01-19T17:26:49.5044044+02:00</ShipDate>
    <DeliveryDate>2023-01-19T17:26:49.5044045+02:00</DeliveryDate>
  </Order>
  <Order>
    <ID>16</ID>
    <CustomerName>haim</CustomerName>
    <CustomerEmail>haim@gmail.com</CustomerEmail>
    <CustomerAdress>beit shemesh</CustomerAdress>
    <OrderDate>2023-01-19T17:26:49.5044047+02:00</OrderDate>
    <ShipDate>2023-01-19T17:26:49.5044048+02:00</ShipDate>
    <DeliveryDate>2023-01-19T17:26:49.5044049+02:00</DeliveryDate>
  </Order>
  <Order>
    <ID>17</ID>
    <CustomerName>moshe</CustomerName>
    <CustomerEmail>neta@gmail.com</CustomerEmail>
    <CustomerAdress>beit shemesh</CustomerAdress>
    <OrderDate>2023-01-19T17:26:49.5044076+02:00</OrderDate>
    <ShipDate>2023-01-19T17:26:49.5044077+02:00</ShipDate>
    <DeliveryDate>2023-01-19T17:26:49.5044079+02:00</DeliveryDate>
  </Order>
  <Order>
    <ID>18</ID>
    <CustomerName>haim</CustomerName>
    <CustomerEmail>michal@gmail.com</CustomerEmail>
    <CustomerAdress>tel aviv</CustomerAdress>
    <OrderDate>2023-01-19T17:26:49.5044081+02:00</OrderDate>
    <ShipDate>2023-01-19T17:26:49.5044082+02:00</ShipDate>
    <DeliveryDate>2023-01-19T17:26:49.5044083+02:00</DeliveryDate>
  </Order>
  <Order>
    <ID>19</ID>
    <CustomerName>shira</CustomerName>
    <CustomerEmail>moshe@gmail.com</CustomerEmail>
    <CustomerAdress>ramat gan</CustomerAdress>
    <OrderDate>2023-01-19T17:26:49.5044085+02:00</OrderDate>
    <ShipDate>2023-01-19T17:26:49.5044087+02:00</ShipDate>
    <DeliveryDate>2023-01-19T17:26:49.5044088+02:00</DeliveryDate>
  </Order>
  <Order>
    <ID>20</ID>
    <CustomerName>moshe</CustomerName>
    <CustomerEmail>shira@gmail.com</CustomerEmail>
    <CustomerAdress>beit shemesh</CustomerAdress>
    <OrderDate>2023-01-19T17:26:49.504409+02:00</OrderDate>
    <ShipDate>2023-01-19T17:26:49.5044091+02:00</ShipDate>
    <DeliveryDate>2023-01-19T17:26:49.5044092+02:00</DeliveryDate>
  </Order>
  <Order>
    <ID>21</ID>
    <CustomerName>shira</CustomerName>
    <CustomerEmail>neta@gmail.com</CustomerEmail>
    <CustomerAdress>tel aviv</CustomerAdress>
    <OrderDate>2023-01-19T17:26:49.5044095+02:00</OrderDate>
    <ShipDate>2023-01-19T17:26:49.5044096+02:00</ShipDate>
    <DeliveryDate>2023-01-19T17:26:49.5044097+02:00</DeliveryDate>
  </Order>
  <Order>
    <ID>22</ID>
    <CustomerName>haim</CustomerName>
    <CustomerEmail>shira@gmail.com</CustomerEmail>
    <CustomerAdress>beit shemesh</CustomerAdress>
    <OrderDate>2023-01-19T17:26:49.5044099+02:00</OrderDate>
    <ShipDate>2023-01-19T17:26:49.50441+02:00</ShipDate>
    <DeliveryDate>2023-01-19T17:26:49.5044101+02:00</DeliveryDate>
  </Order>
  <Order>
    <ID>23</ID>
    <CustomerName>moshe</CustomerName>
    <CustomerEmail>haim@gmail.com</CustomerEmail>
    <CustomerAdress>ramat gan</CustomerAdress>
    <OrderDate>2023-01-19T17:26:49.5044103+02:00</OrderDate>
    <ShipDate>2023-01-19T17:26:49.5044104+02:00</ShipDate>
    <DeliveryDate>2023-01-19T17:26:49.5044105+02:00</DeliveryDate>
  </Order>
  <Order>
    <ID>24</ID>
    <CustomerName>haim</CustomerName>
    <CustomerEmail>moshe@gmail.com</CustomerEmail>
    <CustomerAdress>beit shemesh</CustomerAdress>
    <OrderDate>2023-01-19T17:26:49.5044107+02:00</OrderDate>
    <ShipDate>2023-01-19T17:26:49.5044109+02:00</ShipDate>
    <DeliveryDate>2023-01-19T17:26:49.504411+02:00</DeliveryDate>
  </Order>
  <Order>
    <ID>25</ID>
    <CustomerName>michal</CustomerName>
    <CustomerEmail>haim@gmail.com</CustomerEmail>
    <CustomerAdress>beit shemesh</CustomerAdress>
    <OrderDate>2023-01-19T17:26:49.5044112+02:00</OrderDate>
    <ShipDate>2023-01-19T17:26:49.5044113+02:00</ShipDate>
    <DeliveryDate>2023-01-19T17:26:49.5044114+02:00</DeliveryDate>
  </Order>
  <Order>
    <ID>26</ID>
    <CustomerName>michal</CustomerName>
    <CustomerEmail>moshe@gmail.com</CustomerEmail>
    <CustomerAdress>ramat gan</CustomerAdress>
    <OrderDate>2023-01-19T17:26:49.5044117+02:00</OrderDate>
    <ShipDate>2023-01-19T17:26:49.5044118+02:00</ShipDate>
    <DeliveryDate>2023-01-19T17:26:49.5044119+02:00</DeliveryDate>
  </Order>
  <Order>
    <ID>27</ID>
    <CustomerName>neta</CustomerName>
    <CustomerEmail>moshe@gmail.com</CustomerEmail>
    <CustomerAdress>givhat shmuel</CustomerAdress>
    <OrderDate>2023-01-19T17:26:49.5044121+02:00</OrderDate>
    <ShipDate>2023-01-19T17:26:49.5044122+02:00</ShipDate>
    <DeliveryDate>2023-01-19T17:26:49.5044123+02:00</DeliveryDate>
  </Order>
  <Order>
    <ID>28</ID>
    <CustomerName>michal</CustomerName>
    <CustomerEmail>haim@gmail.com</CustomerEmail>
    <CustomerAdress>givhat shmuel</CustomerAdress>
    <OrderDate>2023-01-19T17:26:49.5044125+02:00</OrderDate>
    <ShipDate>2023-01-19T17:26:49.5044127+02:00</ShipDate>
    <DeliveryDate>2023-01-19T17:26:49.5044128+02:00</DeliveryDate>
  </Order>
  <Order>
    <ID>29</ID>
    <CustomerName>shira</CustomerName>
    <CustomerEmail>neta@gmail.com</CustomerEmail>
    <CustomerAdress>ramat gan</CustomerAdress>
    <OrderDate>2023-01-19T17:26:49.504413+02:00</OrderDate>
    <ShipDate>2023-01-19T17:26:49.5044131+02:00</ShipDate>
    <DeliveryDate>2023-01-19T17:26:49.5044132+02:00</DeliveryDate>
  </Order>
  <Order>
    <ID>30</ID>
    <CustomerName>shira</CustomerName>
    <CustomerEmail>neta@gmail.com</CustomerEmail>
    <CustomerAdress>givhat shmuel</CustomerAdress>
    <OrderDate>2023-01-19T17:26:49.5044134+02:00</OrderDate>
    <ShipDate>2023-01-19T17:26:49.5044135+02:00</ShipDate>
    <DeliveryDate>2023-01-19T17:26:49.5044136+02:00</DeliveryDate>
  </Order>
  <Order>
    <ID>31</ID>
    <CustomerName>moshe</CustomerName>
    <CustomerEmail>michal@gmail.com</CustomerEmail>
    <CustomerAdress>tel aviv</CustomerAdress>
    <OrderDate>2023-01-19T17:26:49.5044138+02:00</OrderDate>
    <ShipDate>2023-01-19T17:26:49.5044139+02:00</ShipDate>
    <DeliveryDate>2023-01-19T17:26:49.504414+02:00</DeliveryDate>
  </Order>
  <Order>
    <ID>32</ID>
    <CustomerName>michal</CustomerName>
    <CustomerEmail>haim@gmail.com</CustomerEmail>
    <CustomerAdress>ramat gan</CustomerAdress>
    <OrderDate>2023-01-19T17:26:49.5044143+02:00</OrderDate>
    <ShipDate>2023-01-19T17:26:49.5044144+02:00</ShipDate>
    <DeliveryDate>2023-01-19T17:26:49.5044145+02:00</DeliveryDate>
  </Order>
  <Order>
    <ID>33</ID>
    <CustomerName>michal</CustomerName>
    <CustomerEmail>moshe@gmail.com</CustomerEmail>
    <CustomerAdress>beit shemesh</CustomerAdress>
    <OrderDate>2023-01-19T17:26:49.5044148+02:00</OrderDate>
    <ShipDate>2023-01-19T17:26:49.5044149+02:00</ShipDate>
    <DeliveryDate>2023-01-19T17:26:49.504415+02:00</DeliveryDate>
  </Order>
  <Order>
    <ID>34</ID>
    <CustomerName>shira</CustomerName>
    <CustomerEmail>shira@gmail.com</CustomerEmail>
    <CustomerAdress>bnei brak</CustomerAdress>
    <OrderDate>2023-01-19T17:26:49.5044153+02:00</OrderDate>
    <ShipDate>2023-01-19T17:26:49.5044154+02:00</ShipDate>
    <DeliveryDate>2023-01-19T17:26:49.5044155+02:00</DeliveryDate>
  </Order>
  <Order>
    <ID>35</ID>
    <CustomerName>michal</CustomerName>
    <CustomerEmail>michal@gmail.com</CustomerEmail>
    <CustomerAdress>beit shemesh</CustomerAdress>
    <OrderDate>2023-01-19T17:26:49.5044158+02:00</OrderDate>
    <ShipDate>2023-01-19T17:26:49.5044159+02:00</ShipDate>
    <DeliveryDate>2023-01-19T17:26:49.504416+02:00</DeliveryDate>
  </Order>
  <Order>
    <ID>36</ID>
    <CustomerName>neta</CustomerName>
    <CustomerEmail>moshe@gmail.com</CustomerEmail>
    <CustomerAdress>bnei brak</CustomerAdress>
    <OrderDate>2023-01-19T17:26:49.5044162+02:00</OrderDate>
    <ShipDate>2023-01-19T17:26:49.5044163+02:00</ShipDate>
    <DeliveryDate>2023-01-19T17:26:49.5044165+02:00</DeliveryDate>
  </Order>
  <Order>
    <ID>37</ID>
    <CustomerName>neta</CustomerName>
    <CustomerEmail>michal@gmail.com</CustomerEmail>
    <CustomerAdress>bnei brak</CustomerAdress>
    <OrderDate>2023-01-19T17:26:49.5044167+02:00</OrderDate>
    <ShipDate>2023-01-19T17:26:49.5044168+02:00</ShipDate>
    <DeliveryDate>2023-01-19T17:26:49.5044169+02:00</DeliveryDate>
  </Order>
  <Order>
    <ID>38</ID>
    <CustomerName>moshe</CustomerName>
    <CustomerEmail>moshe@gmail.com</CustomerEmail>
    <CustomerAdress>tel aviv</CustomerAdress>
    <OrderDate>2023-01-19T17:26:49.5044171+02:00</OrderDate>
    <ShipDate>2023-01-19T17:26:49.5044172+02:00</ShipDate>
    <DeliveryDate>2023-01-19T17:26:49.5044173+02:00</DeliveryDate>
  </Order>
  <Order>
    <ID>39</ID>
    <CustomerName>neta</CustomerName>
    <CustomerEmail>moshe@gmail.com</CustomerEmail>
    <CustomerAdress>tel aviv</CustomerAdress>
    <OrderDate>2023-01-19T17:26:49.5044175+02:00</OrderDate>
    <ShipDate>2023-01-19T17:26:49.5044176+02:00</ShipDate>
    <DeliveryDate>2023-01-19T17:26:49.5044177+02:00</DeliveryDate>
  </Order>
  <Order>
    <ID>40</ID>
    <CustomerName>moshe</CustomerName>
    <CustomerEmail>neta@gmail.com</CustomerEmail>
    <CustomerAdress>beit shemesh</CustomerAdress>
    <OrderDate>2023-01-19T17:26:49.5044179+02:00</OrderDate>
    <ShipDate>2023-01-19T17:26:49.504418+02:00</ShipDate>
    <DeliveryDate>2023-01-19T17:26:49.5044181+02:00</DeliveryDate>
  </Order>
  <Order>
    <ID>41</ID>
    <CustomerName>haim</CustomerName>
    <CustomerEmail>haim@gmail.com</CustomerEmail>
    <CustomerAdress>beit shemesh</CustomerAdress>
    <OrderDate>2023-01-19T17:26:49.5044184+02:00</OrderDate>
    <ShipDate>2023-01-19T17:26:49.5044185+02:00</ShipDate>
    <DeliveryDate>2023-01-19T17:26:49.5044186+02:00</DeliveryDate>
  </Order>
  <Order>
    <ID>42</ID>
    <CustomerName>haim</CustomerName>
    <CustomerEmail>moshe@gmail.com</CustomerEmail>
    <CustomerAdress>ramat gan</CustomerAdress>
    <OrderDate>2023-01-19T17:26:49.5044188+02:00</OrderDate>
    <ShipDate>2023-01-19T17:26:49.5044189+02:00</ShipDate>
    <DeliveryDate>2023-01-19T17:26:49.504419+02:00</DeliveryDate>
  </Order>
  <Order>
    <ID>43</ID>
    <CustomerName>shira</CustomerName>
    <CustomerEmail>neta@gmail.com</CustomerEmail>
    <CustomerAdress>bnei brak</CustomerAdress>
    <OrderDate>2023-01-19T17:26:49.5044192+02:00</OrderDate>
    <ShipDate>2023-01-19T17:26:49.5044193+02:00</ShipDate>
    <DeliveryDate>2023-01-19T17:26:49.5044195+02:00</DeliveryDate>
  </Order>
  <Order>
    <ID>44</ID>
    <CustomerName>michal</CustomerName>
    <CustomerEmail>moshe@gmail.com</CustomerEmail>
    <CustomerAdress>beit shemesh</CustomerAdress>
    <OrderDate>2023-01-19T17:26:49.5044197+02:00</OrderDate>
    <ShipDate>2023-01-19T17:26:49.5044198+02:00</ShipDate>
    <DeliveryDate>2023-01-19T17:26:49.5044199+02:00</DeliveryDate>
  </Order>
  <Order>
    <ID>45</ID>
    <CustomerName>moshe</CustomerName>
    <CustomerEmail>moshe@gmail.com</CustomerEmail>
    <CustomerAdress>givhat shmuel</CustomerAdress>
    <OrderDate>2023-01-19T17:26:49.5044201+02:00</OrderDate>
    <ShipDate>2023-01-19T17:26:49.5044202+02:00</ShipDate>
    <DeliveryDate>2023-01-19T17:26:49.5044203+02:00</DeliveryDate>
  </Order>
  <Order>
    <ID>46</ID>
    <CustomerName>neta</CustomerName>
    <CustomerEmail>neta@gmail.com</CustomerEmail>
    <CustomerAdress>bnei brak</CustomerAdress>
    <OrderDate>2023-01-19T17:26:49.5044205+02:00</OrderDate>
    <ShipDate>2023-01-19T17:26:49.5044206+02:00</ShipDate>
    <DeliveryDate>2023-01-19T17:26:49.5044207+02:00</DeliveryDate>
  </Order>
  <Order>
    <ID>47</ID>
    <CustomerName>shira</CustomerName>
    <CustomerEmail>shira@gmail.com</CustomerEmail>
    <CustomerAdress>bnei brak</CustomerAdress>
    <OrderDate>2023-01-19T17:26:49.5044209+02:00</OrderDate>
    <ShipDate>2023-01-19T17:26:49.5044211+02:00</ShipDate>
    <DeliveryDate>2023-01-19T17:26:49.5044212+02:00</DeliveryDate>
  </Order>
  <Order>
    <ID>48</ID>
    <CustomerName>neta</CustomerName>
    <CustomerEmail>haim@gmail.com</CustomerEmail>
    <CustomerAdress>tel aviv</CustomerAdress>
    <OrderDate>2023-01-19T17:26:49.5044214+02:00</OrderDate>
    <ShipDate>2023-01-19T17:26:49.5044215+02:00</ShipDate>
    <DeliveryDate>2023-01-19T17:26:49.5044216+02:00</DeliveryDate>
  </Order>
  <Order>
    <ID>49</ID>
    <CustomerName>neta</CustomerName>
    <CustomerEmail>michal@gmail.com</CustomerEmail>
    <CustomerAdress>givhat shmuel</CustomerAdress>
    <OrderDate>2023-01-19T17:26:49.5044218+02:00</OrderDate>
    <ShipDate>2023-01-19T17:26:49.504422+02:00</ShipDate>
    <DeliveryDate>2023-01-19T17:26:49.5044221+02:00</DeliveryDate>
  </Order>
  <Order>
    <Id>21</Id>
    <CustomerName>a</CustomerName>
    <CustomerEmail>x@gmail.com</CustomerEmail>
    <CustomerAdress>aaa</CustomerAdress>
    <OrderDate>2023-01-19T19:12:41.6479633+02:00</OrderDate>
    <ShipDate />
    <DeliveryDate />
  </Order>
  <Order>
    <Id>22</Id>
    <CustomerName>j</CustomerName>
    <CustomerEmail>c@gmail.com</CustomerEmail>
    <CustomerAdress>b</CustomerAdress>
    <OrderDate>2023-01-19T19:33:36.4155666+02:00</OrderDate>
    <ShipDate />
    <DeliveryDate />
  </Order>
  <Order>
    <Id>23</Id>
    <CustomerName>b</CustomerName>
    <CustomerEmail>m@gmail.com</CustomerEmail>
    <CustomerAdress>nb</CustomerAdress>
    <OrderDate>2023-01-19T19:56:23.4817215+02:00</OrderDate>
    <ShipDate />
    <DeliveryDate />
  </Order>
  <Order>
    <Id>24</Id>
    <CustomerName />
    <CustomerEmail>z@gmail.com</CustomerEmail>
    <CustomerAdress />
    <OrderDate>2023-01-19T19:59:18.5946007+02:00</OrderDate>
    <ShipDate />
    <DeliveryDate />
  </Order>
</ArrayOfOrder>