﻿<?xml version="1.0" encoding="utf-8"?>
<ArrayOfOrder  xmlns:xsi="http://www.w3.org/2001/XMLSchema-instance" xmlns:xsd="http://www.w3.org/2001/XMLSchema">
  <Order>
    <Id>13</Id>
    <CustomerName />
    <CustomerEmail />
    <CustomerAdress />
    <OrderDate>2023-01-18T21:21:02.9861531+02:00</OrderDate>
    <ShipDate />
    <DeliveryDate />
  </Order>
  <Order>
    <Id>14</Id>
    <CustomerName />
    <CustomerEmail />
    <CustomerAdress />
    <OrderDate>2023-01-18T22:18:21.4383801+02:00</OrderDate>
    <ShipDate />
    <DeliveryDate />
  </Order>
  <Order>
    <Id>15</Id>
    <CustomerName>r</CustomerName>
    <CustomerEmail>c@gmail.com</CustomerEmail>
    <CustomerAdress>m</CustomerAdress>
    <OrderDate>2023-01-18T22:25:24.5323311+02:00</OrderDate>
    <ShipDate />
    <DeliveryDate />
  </Order>
  <Order>
    <Id>16</Id>
    <CustomerName>h</CustomerName>
    <CustomerEmail>x@gmail.com</CustomerEmail>
    <CustomerAdress>n</CustomerAdress>
    <OrderDate>2023-01-18T22:36:49.7354095+02:00</OrderDate>
    <ShipDate />
    <DeliveryDate />
  </Order>
  <Order>
    <Id>17</Id>
    <CustomerName>f</CustomerName>
    <CustomerEmail>f@gmail.com</CustomerEmail>
    <CustomerAdress>r</CustomerAdress>
    <OrderDate>2023-01-18T22:39:05.6311582+02:00</OrderDate>
    <ShipDate />
    <DeliveryDate />
  </Order>
  <Order>
    <Id>18</Id>
    <CustomerName>d</CustomerName>
    <CustomerEmail>x@gmail.com</CustomerEmail>
    <CustomerAdress>d</CustomerAdress>
    <OrderDate>2023-01-18T22:49:32.2579669+02:00</OrderDate>
    <ShipDate />
    <DeliveryDate />
  </Order>
  </ArrayOfOrder>