﻿<?xml version="1.0" encoding="utf-8"?><ArrayOfProduct xmlns:xsi="http://www.w3.org/2001/XMLSchema-instance" xmlns:xsd="http://www.w3.org/2001/XMLSchema"><Product><ID>349169</ID><Name>product1</Name><Category>necklace</Category><InStock>130</InStock><Price>100</Price></Product><Product><ID>910346</ID><Name>product2</Name><Category>ring</Category><InStock>158</InStock><Price>100</Price></Product><Product><ID>741420</ID><Name>product3</Name><Category>sets</Category><InStock>198</InStock><Price>100</Price></Product><Product><ID>942641</ID><Name>product5</Name><Category>ring</Category><InStock>179</InStock><Price>100</Price></Product><Product><ID>515267</ID><Name>product6</Name><Category>bracelet</Category><InStock>116</InStock><Price>100</Price></Product><Product><ID>309362</ID><Name>product8</Name><Category>earring</Category><InStock>175</InStock><Price>100</Price></Product><Product><ID>787248</ID><Name>product9</Name><Category>sets</Category><InStock>136</InStock><Price>100</Price></Product><Product><ID>474836</ID><Name>product10</Name><Category>necklace</Category><InStock>161</InStock><Price>100</Price></Product><Product><ID>566005</ID><Name>product11</Name><Category>necklace</Category><InStock>152</InStock><Price>100</Price></Product><Product><ID>427115</ID><Name>product12</Name><Category>sets</Category><InStock>132</InStock><Price>100</Price></Product><Product><ID>257574</ID><Name>product14</Name><Category>ring</Category><InStock>184</InStock><Price>100</Price></Product><Product><ID>114656</ID><Name>product0</Name><Category>sets</Category><InStock>176</InStock><Price>100</Price></Product><Product><ID>774246</ID><Name>product4</Name><Category>necklace</Category><InStock>115</InStock><Price>100</Price></Product><Product><ID>928711</ID><Name>product7</Name><Category>sets</Category><InStock>180</InStock><Price>100</Price></Product><Product><ID>839775</ID><Name>product13</Name><Category>earring</Category><InStock>116</InStock><Price>100</Price></Product></ArrayOfProduct>