﻿<?xml version="1.0" encoding="utf-8"?><ArrayOfOrder xmlns:xsi="http://www.w3.org/2001/XMLSchema-instance" xmlns:xsd="http://www.w3.org/2001/XMLSchema">
  <Order>
    <ID>0</ID>
    <CustomerName>neta</CustomerName>
    <CustomerEmail>neta@gmail.com</CustomerEmail>
    <CustomerAdress>givhat shmuel</CustomerAdress>
    <OrderDate>2022-12-28T00:54:16.9691711+02:00</OrderDate>
    <ShipDate>2022-12-28T00:54:16.9696465+02:00</ShipDate>
    <DeliveryDate>2022-12-28T00:54:16.969691+02:00</DeliveryDate>
  </Order>
  <Order>
    <ID>1</ID>
    <CustomerName>shira</CustomerName>
    <CustomerEmail>moshe@gmail.com</CustomerEmail>
    <CustomerAdress>tel aviv</CustomerAdress>
    <OrderDate>2022-12-28T00:54:16.9704783+02:00</OrderDate>
    <ShipDate>2022-12-28T00:54:16.9704797+02:00</ShipDate>
    <DeliveryDate>2022-12-28T00:54:16.9704798+02:00</DeliveryDate>
  </Order>
  <Order>
    <ID>2</ID>
    <CustomerName>haim</CustomerName>
    <CustomerEmail>haim@gmail.com</CustomerEmail>
    <CustomerAdress>beit shemesh</CustomerAdress>
    <OrderDate>2022-12-28T00:54:16.9704817+02:00</OrderDate>
    <ShipDate>2022-12-28T00:54:16.9704818+02:00</ShipDate>
    <DeliveryDate>2022-12-28T00:54:16.9704819+02:00</DeliveryDate>
  </Order>
  <Order>
    <ID>3</ID>
    <CustomerName>neta</CustomerName>
    <CustomerEmail>neta@gmail.com</CustomerEmail>
    <CustomerAdress>givhat shmuel</CustomerAdress>
    <OrderDate>2022-12-28T00:54:16.9704822+02:00</OrderDate>
    <ShipDate>2022-12-28T00:54:16.9704823+02:00</ShipDate>
    <DeliveryDate>2022-12-28T00:54:16.9704824+02:00</DeliveryDate>
  </Order>
  <Order>
    <ID>4</ID>
    <CustomerName>haim</CustomerName>
    <CustomerEmail>michal@gmail.com</CustomerEmail>
    <CustomerAdress>beit shemesh</CustomerAdress>
    <OrderDate>2022-12-28T00:54:16.9704827+02:00</OrderDate>
    <ShipDate>2022-12-28T00:54:16.9704828+02:00</ShipDate>
    <DeliveryDate>2022-12-28T00:54:16.9704829+02:00</DeliveryDate>
  </Order>
  <Order>
    <ID>5</ID>
    <CustomerName>haim</CustomerName>
    <CustomerEmail>haim@gmail.com</CustomerEmail>
    <CustomerAdress>givhat shmuel</CustomerAdress>
    <OrderDate>2022-12-28T00:54:16.9704918+02:00</OrderDate>
    <ShipDate>2022-12-28T00:54:16.9704919+02:00</ShipDate>
    <DeliveryDate>2022-12-28T00:54:16.970492+02:00</DeliveryDate>
  </Order>
  <Order>
    <ID>6</ID>
    <CustomerName>michal</CustomerName>
    <CustomerEmail>shira@gmail.com</CustomerEmail>
    <CustomerAdress>bnei brak</CustomerAdress>
    <OrderDate>2022-12-28T00:54:16.9704924+02:00</OrderDate>
    <ShipDate>2022-12-28T00:54:16.9704925+02:00</ShipDate>
    <DeliveryDate>2022-12-28T00:54:16.9704926+02:00</DeliveryDate>
  </Order>
  <Order>
    <ID>7</ID>
    <CustomerName>shira</CustomerName>
    <CustomerEmail>shira@gmail.com</CustomerEmail>
    <CustomerAdress>ramat gan</CustomerAdress>
    <OrderDate>2022-12-28T00:54:16.9704928+02:00</OrderDate>
    <ShipDate>2022-12-28T00:54:16.9704929+02:00</ShipDate>
    <DeliveryDate>2022-12-28T00:54:16.9704931+02:00</DeliveryDate>
  </Order>
  <Order>
    <ID>8</ID>
    <CustomerName>neta</CustomerName>
    <CustomerEmail>neta@gmail.com</CustomerEmail>
    <CustomerAdress>beit shemesh</CustomerAdress>
    <OrderDate>2022-12-28T00:54:16.9704933+02:00</OrderDate>
    <ShipDate>2022-12-28T00:54:16.9704935+02:00</ShipDate>
    <DeliveryDate>2022-12-28T00:54:16.9704936+02:00</DeliveryDate>
  </Order>
  <Order>
    <ID>9</ID>
    <CustomerName>haim</CustomerName>
    <CustomerEmail>haim@gmail.com</CustomerEmail>
    <CustomerAdress>bnei brak</CustomerAdress>
    <OrderDate>2022-12-28T00:54:16.9704939+02:00</OrderDate>
    <ShipDate>2022-12-28T00:54:16.9704941+02:00</ShipDate>
    <DeliveryDate>2022-12-28T00:54:16.9704942+02:00</DeliveryDate>
  </Order>
  <Order>
    <ID>10</ID>
    <CustomerName>neta</CustomerName>
    <CustomerEmail>shira@gmail.com</CustomerEmail>
    <CustomerAdress>tel aviv</CustomerAdress>
    <OrderDate>2022-12-28T00:54:16.9704944+02:00</OrderDate>
    <ShipDate>2022-12-28T00:54:16.9704946+02:00</ShipDate>
    <DeliveryDate>2022-12-28T00:54:16.9704947+02:00</DeliveryDate>
  </Order>
  <Order>
    <ID>11</ID>
    <CustomerName>moshe</CustomerName>
    <CustomerEmail>shira@gmail.com</CustomerEmail>
    <CustomerAdress>givhat shmuel</CustomerAdress>
    <OrderDate>2022-12-28T00:54:16.9704949+02:00</OrderDate>
    <ShipDate>2022-12-28T00:54:16.970495+02:00</ShipDate>
    <DeliveryDate>2022-12-28T00:54:16.9704951+02:00</DeliveryDate>
  </Order>
  <Order>
    <ID>12</ID>
    <CustomerName>shira</CustomerName>
    <CustomerEmail>shira@gmail.com</CustomerEmail>
    <CustomerAdress>beit shemesh</CustomerAdress>
    <OrderDate>2022-12-28T00:54:16.9704953+02:00</OrderDate>
    <ShipDate>2022-12-28T00:54:16.9704954+02:00</ShipDate>
    <DeliveryDate>2022-12-28T00:54:16.9704955+02:00</DeliveryDate>
  </Order>
  <Order>
    <ID>13</ID>
    <CustomerName>shira</CustomerName>
    <CustomerEmail>neta@gmail.com</CustomerEmail>
    <CustomerAdress>bnei brak</CustomerAdress>
    <OrderDate>2022-12-28T00:54:16.9704957+02:00</OrderDate>
    <ShipDate>2022-12-28T00:54:16.9704959+02:00</ShipDate>
    <DeliveryDate>2022-12-28T00:54:16.970496+02:00</DeliveryDate>
  </Order>
  <Order>
    <ID>14</ID>
    <CustomerName>moshe</CustomerName>
    <CustomerEmail>shira@gmail.com</CustomerEmail>
    <CustomerAdress>givhat shmuel</CustomerAdress>
    <OrderDate>2022-12-28T00:54:16.9704962+02:00</OrderDate>
    <ShipDate>2022-12-28T00:54:16.9704963+02:00</ShipDate>
    <DeliveryDate>2022-12-28T00:54:16.9704964+02:00</DeliveryDate>
  </Order>
  <Order>
    <ID>15</ID>
    <CustomerName>moshe</CustomerName>
    <CustomerEmail>shira@gmail.com</CustomerEmail>
    <CustomerAdress>givhat shmuel</CustomerAdress>
    <OrderDate>2022-12-28T00:54:16.9704967+02:00</OrderDate>
    <ShipDate>2022-12-28T00:54:16.9704968+02:00</ShipDate>
    <DeliveryDate>2022-12-28T00:54:16.9704969+02:00</DeliveryDate>
  </Order>
  <Order>
    <ID>16</ID>
    <CustomerName>haim</CustomerName>
    <CustomerEmail>moshe@gmail.com</CustomerEmail>
    <CustomerAdress>bnei brak</CustomerAdress>
    <OrderDate>2022-12-28T00:54:16.9704971+02:00</OrderDate>
    <ShipDate>2022-12-28T00:54:16.9704972+02:00</ShipDate>
    <DeliveryDate>2022-12-28T00:54:16.9704974+02:00</DeliveryDate>
  </Order>
  <Order>
    <ID>17</ID>
    <CustomerName>moshe</CustomerName>
    <CustomerEmail>haim@gmail.com</CustomerEmail>
    <CustomerAdress>beit shemesh</CustomerAdress>
    <OrderDate>2022-12-28T00:54:16.9704976+02:00</OrderDate>
    <ShipDate>2022-12-28T00:54:16.9704978+02:00</ShipDate>
    <DeliveryDate>2022-12-28T00:54:16.9704979+02:00</DeliveryDate>
  </Order>
  <Order>
    <ID>18</ID>
    <CustomerName>neta</CustomerName>
    <CustomerEmail>moshe@gmail.com</CustomerEmail>
    <CustomerAdress>tel aviv</CustomerAdress>
    <OrderDate>2022-12-28T00:54:16.9704981+02:00</OrderDate>
    <ShipDate>2022-12-28T00:54:16.9704982+02:00</ShipDate>
    <DeliveryDate>2022-12-28T00:54:16.9704983+02:00</DeliveryDate>
  </Order>
  <Order>
    <ID>19</ID>
    <CustomerName>moshe</CustomerName>
    <CustomerEmail>shira@gmail.com</CustomerEmail>
    <CustomerAdress>ramat gan</CustomerAdress>
    <OrderDate>2022-12-28T00:54:16.9704985+02:00</OrderDate>
    <ShipDate>2022-12-28T00:54:16.9704986+02:00</ShipDate>
    <DeliveryDate>2022-12-28T00:54:16.9704987+02:00</DeliveryDate>
  </Order>
  <Order>
    <ID>20</ID>
    <CustomerName>shira</CustomerName>
    <CustomerEmail>shira@gmail.com</CustomerEmail>
    <CustomerAdress>givhat shmuel</CustomerAdress>
    <OrderDate>2022-12-28T00:54:16.970499+02:00</OrderDate>
    <ShipDate>2022-12-28T00:54:16.9704991+02:00</ShipDate>
    <DeliveryDate>2022-12-28T00:54:16.9704992+02:00</DeliveryDate>
  </Order>
  <Order>
    <ID>21</ID>
    <CustomerName>moshe</CustomerName>
    <CustomerEmail>shira@gmail.com</CustomerEmail>
    <CustomerAdress>ramat gan</CustomerAdress>
    <OrderDate>2022-12-28T00:54:16.9704994+02:00</OrderDate>
    <ShipDate>2022-12-28T00:54:16.9704995+02:00</ShipDate>
    <DeliveryDate>2022-12-28T00:54:16.9704996+02:00</DeliveryDate>
  </Order>
  <Order>
    <ID>22</ID>
    <CustomerName>haim</CustomerName>
    <CustomerEmail>michal@gmail.com</CustomerEmail>
    <CustomerAdress>bnei brak</CustomerAdress>
    <OrderDate>2022-12-28T00:54:16.9704999+02:00</OrderDate>
    <ShipDate>2022-12-28T00:54:16.9705+02:00</ShipDate>
    <DeliveryDate>2022-12-28T00:54:16.9705001+02:00</DeliveryDate>
  </Order>
  <Order>
    <ID>23</ID>
    <CustomerName>shira</CustomerName>
    <CustomerEmail>shira@gmail.com</CustomerEmail>
    <CustomerAdress>ramat gan</CustomerAdress>
    <OrderDate>2022-12-28T00:54:16.9705003+02:00</OrderDate>
    <ShipDate>2022-12-28T00:54:16.9705004+02:00</ShipDate>
    <DeliveryDate>2022-12-28T00:54:16.9705006+02:00</DeliveryDate>
  </Order>
  <Order>
    <ID>24</ID>
    <CustomerName>haim</CustomerName>
    <CustomerEmail>haim@gmail.com</CustomerEmail>
    <CustomerAdress>bnei brak</CustomerAdress>
    <OrderDate>2022-12-28T00:54:16.9705008+02:00</OrderDate>
    <ShipDate>2022-12-28T00:54:16.9705009+02:00</ShipDate>
    <DeliveryDate>2022-12-28T00:54:16.970501+02:00</DeliveryDate>
  </Order>
  <Order>
    <ID>25</ID>
    <CustomerName>haim</CustomerName>
    <CustomerEmail>shira@gmail.com</CustomerEmail>
    <CustomerAdress>tel aviv</CustomerAdress>
    <OrderDate>2022-12-28T00:54:16.9705012+02:00</OrderDate>
    <ShipDate>2022-12-28T00:54:16.9705013+02:00</ShipDate>
    <DeliveryDate>2022-12-28T00:54:16.9705014+02:00</DeliveryDate>
  </Order>
  <Order>
    <ID>26</ID>
    <CustomerName>michal</CustomerName>
    <CustomerEmail>shira@gmail.com</CustomerEmail>
    <CustomerAdress>tel aviv</CustomerAdress>
    <OrderDate>2022-12-28T00:54:16.9705016+02:00</OrderDate>
    <ShipDate>2022-12-28T00:54:16.9705018+02:00</ShipDate>
    <DeliveryDate>2022-12-28T00:54:16.9705019+02:00</DeliveryDate>
  </Order>
  <Order>
    <ID>27</ID>
    <CustomerName>neta</CustomerName>
    <CustomerEmail>neta@gmail.com</CustomerEmail>
    <CustomerAdress>bnei brak</CustomerAdress>
    <OrderDate>2022-12-28T00:54:16.9705021+02:00</OrderDate>
    <ShipDate>2022-12-28T00:54:16.9705022+02:00</ShipDate>
    <DeliveryDate>2022-12-28T00:54:16.9705023+02:00</DeliveryDate>
  </Order>
  <Order>
    <ID>28</ID>
    <CustomerName>michal</CustomerName>
    <CustomerEmail>moshe@gmail.com</CustomerEmail>
    <CustomerAdress>givhat shmuel</CustomerAdress>
    <OrderDate>2022-12-28T00:54:16.9705025+02:00</OrderDate>
    <ShipDate>2022-12-28T00:54:16.9705026+02:00</ShipDate>
    <DeliveryDate>2022-12-28T00:54:16.9705027+02:00</DeliveryDate>
  </Order>
  <Order>
    <ID>29</ID>
    <CustomerName>shira</CustomerName>
    <CustomerEmail>haim@gmail.com</CustomerEmail>
    <CustomerAdress>givhat shmuel</CustomerAdress>
    <OrderDate>2022-12-28T00:54:16.9705029+02:00</OrderDate>
    <ShipDate>2022-12-28T00:54:16.970503+02:00</ShipDate>
    <DeliveryDate>2022-12-28T00:54:16.9705032+02:00</DeliveryDate>
  </Order>
  <Order>
    <ID>30</ID>
    <CustomerName>haim</CustomerName>
    <CustomerEmail>neta@gmail.com</CustomerEmail>
    <CustomerAdress>beit shemesh</CustomerAdress>
    <OrderDate>2022-12-28T00:54:16.9705034+02:00</OrderDate>
    <ShipDate>2022-12-28T00:54:16.9705035+02:00</ShipDate>
    <DeliveryDate>2022-12-28T00:54:16.9705036+02:00</DeliveryDate>
  </Order>
  <Order>
    <ID>31</ID>
    <CustomerName>moshe</CustomerName>
    <CustomerEmail>neta@gmail.com</CustomerEmail>
    <CustomerAdress>beit shemesh</CustomerAdress>
    <OrderDate>2022-12-28T00:54:16.9705038+02:00</OrderDate>
    <ShipDate>2022-12-28T00:54:16.9705039+02:00</ShipDate>
    <DeliveryDate>2022-12-28T00:54:16.970504+02:00</DeliveryDate>
  </Order>
  <Order>
    <ID>32</ID>
    <CustomerName>shira</CustomerName>
    <CustomerEmail>neta@gmail.com</CustomerEmail>
    <CustomerAdress>bnei brak</CustomerAdress>
    <OrderDate>2022-12-28T00:54:16.9705043+02:00</OrderDate>
    <ShipDate>2022-12-28T00:54:16.9705044+02:00</ShipDate>
    <DeliveryDate>2022-12-28T00:54:16.9705045+02:00</DeliveryDate>
  </Order>
  <Order>
    <ID>33</ID>
    <CustomerName>shira</CustomerName>
    <CustomerEmail>shira@gmail.com</CustomerEmail>
    <CustomerAdress>bnei brak</CustomerAdress>
    <OrderDate>2022-12-28T00:54:16.9705073+02:00</OrderDate>
    <ShipDate>2022-12-28T00:54:16.9705075+02:00</ShipDate>
    <DeliveryDate>2022-12-28T00:54:16.9705076+02:00</DeliveryDate>
  </Order>
  <Order>
    <ID>34</ID>
    <CustomerName>shira</CustomerName>
    <CustomerEmail>shira@gmail.com</CustomerEmail>
    <CustomerAdress>ramat gan</CustomerAdress>
    <OrderDate>2022-12-28T00:54:16.9705078+02:00</OrderDate>
    <ShipDate>2022-12-28T00:54:16.9705079+02:00</ShipDate>
    <DeliveryDate>2022-12-28T00:54:16.970508+02:00</DeliveryDate>
  </Order>
  <Order>
    <ID>35</ID>
    <CustomerName>haim</CustomerName>
    <CustomerEmail>haim@gmail.com</CustomerEmail>
    <CustomerAdress>givhat shmuel</CustomerAdress>
    <OrderDate>2022-12-28T00:54:16.9705082+02:00</OrderDate>
    <ShipDate>2022-12-28T00:54:16.9705084+02:00</ShipDate>
    <DeliveryDate>2022-12-28T00:54:16.9705085+02:00</DeliveryDate>
  </Order>
  <Order>
    <ID>36</ID>
    <CustomerName>michal</CustomerName>
    <CustomerEmail>moshe@gmail.com</CustomerEmail>
    <CustomerAdress>ramat gan</CustomerAdress>
    <OrderDate>2022-12-28T00:54:16.9705087+02:00</OrderDate>
    <ShipDate>2022-12-28T00:54:16.9705088+02:00</ShipDate>
    <DeliveryDate>2022-12-28T00:54:16.970509+02:00</DeliveryDate>
  </Order>
  <Order>
    <ID>37</ID>
    <CustomerName>moshe</CustomerName>
    <CustomerEmail>moshe@gmail.com</CustomerEmail>
    <CustomerAdress>ramat gan</CustomerAdress>
    <OrderDate>2022-12-28T00:54:16.9705092+02:00</OrderDate>
    <ShipDate>2022-12-28T00:54:16.9705093+02:00</ShipDate>
    <DeliveryDate>2022-12-28T00:54:16.9705094+02:00</DeliveryDate>
  </Order>
  <Order>
    <ID>38</ID>
    <CustomerName>shira</CustomerName>
    <CustomerEmail>neta@gmail.com</CustomerEmail>
    <CustomerAdress>beit shemesh</CustomerAdress>
    <OrderDate>2022-12-28T00:54:16.9705097+02:00</OrderDate>
    <ShipDate>2022-12-28T00:54:16.9705098+02:00</ShipDate>
    <DeliveryDate>2022-12-28T00:54:16.9705099+02:00</DeliveryDate>
  </Order>
  <Order>
    <ID>39</ID>
    <CustomerName>haim</CustomerName>
    <CustomerEmail>michal@gmail.com</CustomerEmail>
    <CustomerAdress>ramat gan</CustomerAdress>
    <OrderDate>2022-12-28T00:54:16.9705101+02:00</OrderDate>
    <ShipDate>2022-12-28T00:54:16.9705102+02:00</ShipDate>
    <DeliveryDate>2022-12-28T00:54:16.9705103+02:00</DeliveryDate>
  </Order>
  <Order>
    <ID>40</ID>
    <CustomerName>michal</CustomerName>
    <CustomerEmail>michal@gmail.com</CustomerEmail>
    <CustomerAdress>beit shemesh</CustomerAdress>
    <OrderDate>2022-12-28T00:54:16.9705106+02:00</OrderDate>
    <ShipDate>2022-12-28T00:54:16.9705107+02:00</ShipDate>
    <DeliveryDate>2022-12-28T00:54:16.9705108+02:00</DeliveryDate>
  </Order>
  <Order>
    <ID>41</ID>
    <CustomerName>michal</CustomerName>
    <CustomerEmail>haim@gmail.com</CustomerEmail>
    <CustomerAdress>tel aviv</CustomerAdress>
    <OrderDate>2022-12-28T00:54:16.970511+02:00</OrderDate>
    <ShipDate>2022-12-28T00:54:16.9705111+02:00</ShipDate>
    <DeliveryDate>2022-12-28T00:54:16.9705112+02:00</DeliveryDate>
  </Order>
  <Order>
    <ID>42</ID>
    <CustomerName>shira</CustomerName>
    <CustomerEmail>shira@gmail.com</CustomerEmail>
    <CustomerAdress>bnei brak</CustomerAdress>
    <OrderDate>2022-12-28T00:54:16.9705114+02:00</OrderDate>
    <ShipDate>2022-12-28T00:54:16.9705115+02:00</ShipDate>
    <DeliveryDate>2022-12-28T00:54:16.9705116+02:00</DeliveryDate>
  </Order>
  <Order>
    <ID>43</ID>
    <CustomerName>neta</CustomerName>
    <CustomerEmail>haim@gmail.com</CustomerEmail>
    <CustomerAdress>tel aviv</CustomerAdress>
    <OrderDate>2022-12-28T00:54:16.9705119+02:00</OrderDate>
    <ShipDate>2022-12-28T00:54:16.970512+02:00</ShipDate>
    <DeliveryDate>2022-12-28T00:54:16.9705121+02:00</DeliveryDate>
  </Order>
  <Order>
    <ID>44</ID>
    <CustomerName>haim</CustomerName>
    <CustomerEmail>neta@gmail.com</CustomerEmail>
    <CustomerAdress>ramat gan</CustomerAdress>
    <OrderDate>2022-12-28T00:54:16.9705123+02:00</OrderDate>
    <ShipDate>2022-12-28T00:54:16.9705124+02:00</ShipDate>
    <DeliveryDate>2022-12-28T00:54:16.9705125+02:00</DeliveryDate>
  </Order>
  <Order>
    <ID>45</ID>
    <CustomerName>haim</CustomerName>
    <CustomerEmail>moshe@gmail.com</CustomerEmail>
    <CustomerAdress>beit shemesh</CustomerAdress>
    <OrderDate>2022-12-28T00:54:16.9705128+02:00</OrderDate>
    <ShipDate>2022-12-28T00:54:16.9705129+02:00</ShipDate>
    <DeliveryDate>2022-12-28T00:54:16.970513+02:00</DeliveryDate>
  </Order>
  <Order>
    <ID>46</ID>
    <CustomerName>moshe</CustomerName>
    <CustomerEmail>haim@gmail.com</CustomerEmail>
    <CustomerAdress>ramat gan</CustomerAdress>
    <OrderDate>2022-12-28T00:54:16.9705132+02:00</OrderDate>
    <ShipDate>2022-12-28T00:54:16.9705133+02:00</ShipDate>
    <DeliveryDate>2022-12-28T00:54:16.9705134+02:00</DeliveryDate>
  </Order>
  <Order>
    <ID>47</ID>
    <CustomerName>haim</CustomerName>
    <CustomerEmail>michal@gmail.com</CustomerEmail>
    <CustomerAdress>bnei brak</CustomerAdress>
    <OrderDate>2022-12-28T00:54:16.9705136+02:00</OrderDate>
    <ShipDate>2022-12-28T00:54:16.9705137+02:00</ShipDate>
    <DeliveryDate>2022-12-28T00:54:16.9705138+02:00</DeliveryDate>
  </Order>
  <Order>
    <ID>48</ID>
    <CustomerName>michal</CustomerName>
    <CustomerEmail>haim@gmail.com</CustomerEmail>
    <CustomerAdress>beit shemesh</CustomerAdress>
    <OrderDate>2022-12-28T00:54:16.970514+02:00</OrderDate>
    <ShipDate>2022-12-28T00:54:16.9705141+02:00</ShipDate>
    <DeliveryDate>2022-12-28T00:54:16.9705143+02:00</DeliveryDate>
  </Order>
  <Order>
    <ID>49</ID>
    <CustomerName>michal</CustomerName>
    <CustomerEmail>neta@gmail.com</CustomerEmail>
    <CustomerAdress>ramat gan</CustomerAdress>
    <OrderDate>2022-12-28T00:54:16.9705145+02:00</OrderDate>
    <ShipDate>2022-12-28T00:54:16.9705146+02:00</ShipDate>
    <DeliveryDate>2022-12-28T00:54:16.9705147+02:00</DeliveryDate>
  </Order>
</ArrayOfOrder>