﻿<?xml version="1.0" encoding="utf-8"?>
<ArrayOfOrder xmlns:xsi="http://www.w3.org/2001/XMLSchema-instance" xmlns:xsd="http://www.w3.org/2001/XMLSchema">
  <Order>
    <ID>0</ID>
    <CustomerName>moshe</CustomerName>
    <CustomerEmail>shira@gmail.com</CustomerEmail>
    <CustomerAdress>tel aviv</CustomerAdress>
    <OrderDate>2023-01-19T12:44:06.7446566+02:00</OrderDate>
    <ShipDate>2023-01-19T12:44:06.7447312+02:00</ShipDate>
    <DeliveryDate>2023-01-19T12:44:06.7447746+02:00</DeliveryDate>
  </Order>
  <Order>
    <ID>1</ID>
    <CustomerName>michal</CustomerName>
    <CustomerEmail>neta@gmail.com</CustomerEmail>
    <CustomerAdress>bnei brak</CustomerAdress>
    <OrderDate>2023-01-19T12:44:06.7456433+02:00</OrderDate>
    <ShipDate>2023-01-19T12:44:06.7456465+02:00</ShipDate>
    <DeliveryDate>2023-01-19T12:44:06.7456467+02:00</DeliveryDate>
  </Order>
  <Order>
    <ID>2</ID>
    <CustomerName>neta</CustomerName>
    <CustomerEmail>neta@gmail.com</CustomerEmail>
    <CustomerAdress>beit shemesh</CustomerAdress>
    <OrderDate>2023-01-19T12:44:06.7456484+02:00</OrderDate>
    <ShipDate>2023-01-19T12:44:06.7456486+02:00</ShipDate>
    <DeliveryDate>2023-01-19T12:44:06.7456488+02:00</DeliveryDate>
  </Order>
  <Order>
    <ID>3</ID>
    <CustomerName>haim</CustomerName>
    <CustomerEmail>neta@gmail.com</CustomerEmail>
    <CustomerAdress>tel aviv</CustomerAdress>
    <OrderDate>2023-01-19T12:44:06.7456491+02:00</OrderDate>
    <ShipDate>2023-01-19T12:44:06.7456492+02:00</ShipDate>
    <DeliveryDate>2023-01-19T12:44:06.7456494+02:00</DeliveryDate>
  </Order>
  <Order>
    <ID>4</ID>
    <CustomerName>neta</CustomerName>
    <CustomerEmail>michal@gmail.com</CustomerEmail>
    <CustomerAdress>tel aviv</CustomerAdress>
    <OrderDate>2023-01-19T12:44:06.7456498+02:00</OrderDate>
    <ShipDate>2023-01-19T12:44:06.7456499+02:00</ShipDate>
    <DeliveryDate>2023-01-19T12:44:06.7456501+02:00</DeliveryDate>
  </Order>
  <Order>
    <ID>5</ID>
    <CustomerName>haim</CustomerName>
    <CustomerEmail>haim@gmail.com</CustomerEmail>
    <CustomerAdress>ramat gan</CustomerAdress>
    <OrderDate>2023-01-19T12:44:06.7456523+02:00</OrderDate>
    <ShipDate>2023-01-19T12:44:06.7456524+02:00</ShipDate>
    <DeliveryDate>2023-01-19T12:44:06.7456526+02:00</DeliveryDate>
  </Order>
  <Order>
    <ID>6</ID>
    <CustomerName>neta</CustomerName>
    <CustomerEmail>neta@gmail.com</CustomerEmail>
    <CustomerAdress>ramat gan</CustomerAdress>
    <OrderDate>2023-01-19T12:44:06.7456529+02:00</OrderDate>
    <ShipDate>2023-01-19T12:44:06.745653+02:00</ShipDate>
    <DeliveryDate>2023-01-19T12:44:06.7456531+02:00</DeliveryDate>
  </Order>
  <Order>
    <ID>7</ID>
    <CustomerName>shira</CustomerName>
    <CustomerEmail>michal@gmail.com</CustomerEmail>
    <CustomerAdress>ramat gan</CustomerAdress>
    <OrderDate>2023-01-19T12:44:06.7456534+02:00</OrderDate>
    <ShipDate>2023-01-19T12:44:06.7456535+02:00</ShipDate>
    <DeliveryDate>2023-01-19T12:44:06.7456537+02:00</DeliveryDate>
  </Order>
  <Order>
    <ID>8</ID>
    <CustomerName>shira</CustomerName>
    <CustomerEmail>haim@gmail.com</CustomerEmail>
    <CustomerAdress>givhat shmuel</CustomerAdress>
    <OrderDate>2023-01-19T12:44:06.745654+02:00</OrderDate>
    <ShipDate>2023-01-19T12:44:06.7456541+02:00</ShipDate>
    <DeliveryDate>2023-01-19T12:44:06.7456543+02:00</DeliveryDate>
  </Order>
  <Order>
    <ID>9</ID>
    <CustomerName>haim</CustomerName>
    <CustomerEmail>shira@gmail.com</CustomerEmail>
    <CustomerAdress>tel aviv</CustomerAdress>
    <OrderDate>2023-01-19T12:44:06.7456583+02:00</OrderDate>
    <ShipDate>2023-01-19T12:44:06.7456585+02:00</ShipDate>
    <DeliveryDate>2023-01-19T12:44:06.7456586+02:00</DeliveryDate>
  </Order>
  <Order>
    <ID>10</ID>
    <CustomerName>neta</CustomerName>
    <CustomerEmail>shira@gmail.com</CustomerEmail>
    <CustomerAdress>bnei brak</CustomerAdress>
    <OrderDate>2023-01-19T12:44:06.7456589+02:00</OrderDate>
    <ShipDate>2023-01-19T12:44:06.7456591+02:00</ShipDate>
    <DeliveryDate>2023-01-19T12:44:06.7456592+02:00</DeliveryDate>
  </Order>
  <Order>
    <ID>11</ID>
    <CustomerName>haim</CustomerName>
    <CustomerEmail>michal@gmail.com</CustomerEmail>
    <CustomerAdress>tel aviv</CustomerAdress>
    <OrderDate>2023-01-19T12:44:06.7456595+02:00</OrderDate>
    <ShipDate>2023-01-19T12:44:06.7456596+02:00</ShipDate>
    <DeliveryDate>2023-01-19T12:44:06.7456597+02:00</DeliveryDate>
  </Order>
  <Order>
    <ID>12</ID>
    <CustomerName>neta</CustomerName>
    <CustomerEmail>michal@gmail.com</CustomerEmail>
    <CustomerAdress>givhat shmuel</CustomerAdress>
    <OrderDate>2023-01-19T12:44:06.74566+02:00</OrderDate>
    <ShipDate>2023-01-19T12:44:06.7456602+02:00</ShipDate>
    <DeliveryDate>2023-01-19T12:44:06.7456603+02:00</DeliveryDate>
  </Order>
  <Order>
    <ID>13</ID>
    <CustomerName>michal</CustomerName>
    <CustomerEmail>haim@gmail.com</CustomerEmail>
    <CustomerAdress>beit shemesh</CustomerAdress>
    <OrderDate>2023-01-19T12:44:06.7456606+02:00</OrderDate>
    <ShipDate>2023-01-19T12:44:06.7456607+02:00</ShipDate>
    <DeliveryDate>2023-01-19T12:44:06.7456609+02:00</DeliveryDate>
  </Order>
  <Order>
    <ID>14</ID>
    <CustomerName>haim</CustomerName>
    <CustomerEmail>michal@gmail.com</CustomerEmail>
    <CustomerAdress>givhat shmuel</CustomerAdress>
    <OrderDate>2023-01-19T12:44:06.7456612+02:00</OrderDate>
    <ShipDate>2023-01-19T12:44:06.7456613+02:00</ShipDate>
    <DeliveryDate>2023-01-19T12:44:06.7456615+02:00</DeliveryDate>
  </Order>
  <Order>
    <ID>15</ID>
    <CustomerName>moshe</CustomerName>
    <CustomerEmail>neta@gmail.com</CustomerEmail>
    <CustomerAdress>ramat gan</CustomerAdress>
    <OrderDate>2023-01-19T12:44:06.7456617+02:00</OrderDate>
    <ShipDate>2023-01-19T12:44:06.7456619+02:00</ShipDate>
    <DeliveryDate>2023-01-19T12:44:06.745662+02:00</DeliveryDate>
  </Order>
  <Order>
    <ID>16</ID>
    <CustomerName>moshe</CustomerName>
    <CustomerEmail>neta@gmail.com</CustomerEmail>
    <CustomerAdress>bnei brak</CustomerAdress>
    <OrderDate>2023-01-19T12:44:06.7456623+02:00</OrderDate>
    <ShipDate>2023-01-19T12:44:06.7456625+02:00</ShipDate>
    <DeliveryDate>2023-01-19T12:44:06.7456626+02:00</DeliveryDate>
  </Order>
  <Order>
    <ID>17</ID>
    <CustomerName>neta</CustomerName>
    <CustomerEmail>moshe@gmail.com</CustomerEmail>
    <CustomerAdress>bnei brak</CustomerAdress>
    <OrderDate>2023-01-19T12:44:06.745663+02:00</OrderDate>
    <ShipDate>2023-01-19T12:44:06.7456631+02:00</ShipDate>
    <DeliveryDate>2023-01-19T12:44:06.7456633+02:00</DeliveryDate>
  </Order>
  <Order>
    <ID>18</ID>
    <CustomerName>michal</CustomerName>
    <CustomerEmail>haim@gmail.com</CustomerEmail>
    <CustomerAdress>beit shemesh</CustomerAdress>
    <OrderDate>2023-01-19T12:44:06.7456636+02:00</OrderDate>
    <ShipDate>2023-01-19T12:44:06.7456637+02:00</ShipDate>
    <DeliveryDate>2023-01-19T12:44:06.7456639+02:00</DeliveryDate>
  </Order>
  <Order>
    <ID>19</ID>
    <CustomerName>shira</CustomerName>
    <CustomerEmail>shira@gmail.com</CustomerEmail>
    <CustomerAdress>bnei brak</CustomerAdress>
    <OrderDate>2023-01-19T12:44:06.7456641+02:00</OrderDate>
    <ShipDate>2023-01-19T12:44:06.7456643+02:00</ShipDate>
    <DeliveryDate>2023-01-19T12:44:06.7456644+02:00</DeliveryDate>
  </Order>
  <Order>
    <ID>20</ID>
    <CustomerName>moshe</CustomerName>
    <CustomerEmail>shira@gmail.com</CustomerEmail>
    <CustomerAdress>bnei brak</CustomerAdress>
    <OrderDate>2023-01-19T12:44:06.7456647+02:00</OrderDate>
    <ShipDate>2023-01-19T12:44:06.7456648+02:00</ShipDate>
    <DeliveryDate>2023-01-19T12:44:06.745665+02:00</DeliveryDate>
  </Order>
  <Order>
    <ID>21</ID>
    <CustomerName>moshe</CustomerName>
    <CustomerEmail>michal@gmail.com</CustomerEmail>
    <CustomerAdress>ramat gan</CustomerAdress>
    <OrderDate>2023-01-19T12:44:06.7456652+02:00</OrderDate>
    <ShipDate>2023-01-19T12:44:06.7456654+02:00</ShipDate>
    <DeliveryDate>2023-01-19T12:44:06.7456655+02:00</DeliveryDate>
  </Order>
  <Order>
    <ID>22</ID>
    <CustomerName>haim</CustomerName>
    <CustomerEmail>michal@gmail.com</CustomerEmail>
    <CustomerAdress>tel aviv</CustomerAdress>
    <OrderDate>2023-01-19T12:44:06.7456658+02:00</OrderDate>
    <ShipDate>2023-01-19T12:44:06.7456659+02:00</ShipDate>
    <DeliveryDate>2023-01-19T12:44:06.7456661+02:00</DeliveryDate>
  </Order>
  <Order>
    <ID>23</ID>
    <CustomerName>shira</CustomerName>
    <CustomerEmail>moshe@gmail.com</CustomerEmail>
    <CustomerAdress>bnei brak</CustomerAdress>
    <OrderDate>2023-01-19T12:44:06.7456663+02:00</OrderDate>
    <ShipDate>2023-01-19T12:44:06.7456665+02:00</ShipDate>
    <DeliveryDate>2023-01-19T12:44:06.7456666+02:00</DeliveryDate>
  </Order>
  <Order>
    <ID>24</ID>
    <CustomerName>shira</CustomerName>
    <CustomerEmail>haim@gmail.com</CustomerEmail>
    <CustomerAdress>beit shemesh</CustomerAdress>
    <OrderDate>2023-01-19T12:44:06.7456669+02:00</OrderDate>
    <ShipDate>2023-01-19T12:44:06.7456671+02:00</ShipDate>
    <DeliveryDate>2023-01-19T12:44:06.7456672+02:00</DeliveryDate>
  </Order>
  <Order>
    <ID>25</ID>
    <CustomerName>michal</CustomerName>
    <CustomerEmail>neta@gmail.com</CustomerEmail>
    <CustomerAdress>bnei brak</CustomerAdress>
    <OrderDate>2023-01-19T12:44:06.7456675+02:00</OrderDate>
    <ShipDate>2023-01-19T12:44:06.7456676+02:00</ShipDate>
    <DeliveryDate>2023-01-19T12:44:06.7456678+02:00</DeliveryDate>
  </Order>
  <Order>
    <ID>26</ID>
    <CustomerName>michal</CustomerName>
    <CustomerEmail>shira@gmail.com</CustomerEmail>
    <CustomerAdress>tel aviv</CustomerAdress>
    <OrderDate>2023-01-19T12:44:06.7456681+02:00</OrderDate>
    <ShipDate>2023-01-19T12:44:06.7456682+02:00</ShipDate>
    <DeliveryDate>2023-01-19T12:44:06.7456684+02:00</DeliveryDate>
  </Order>
  <Order>
    <ID>27</ID>
    <CustomerName>shira</CustomerName>
    <CustomerEmail>michal@gmail.com</CustomerEmail>
    <CustomerAdress>tel aviv</CustomerAdress>
    <OrderDate>2023-01-19T12:44:06.7456686+02:00</OrderDate>
    <ShipDate>2023-01-19T12:44:06.7456688+02:00</ShipDate>
    <DeliveryDate>2023-01-19T12:44:06.7456689+02:00</DeliveryDate>
  </Order>
  <Order>
    <ID>28</ID>
    <CustomerName>moshe</CustomerName>
    <CustomerEmail>moshe@gmail.com</CustomerEmail>
    <CustomerAdress>bnei brak</CustomerAdress>
    <OrderDate>2023-01-19T12:44:06.7456692+02:00</OrderDate>
    <ShipDate>2023-01-19T12:44:06.7456693+02:00</ShipDate>
    <DeliveryDate>2023-01-19T12:44:06.7456695+02:00</DeliveryDate>
  </Order>
  <Order>
    <ID>29</ID>
    <CustomerName>haim</CustomerName>
    <CustomerEmail>haim@gmail.com</CustomerEmail>
    <CustomerAdress>beit shemesh</CustomerAdress>
    <OrderDate>2023-01-19T12:44:06.7456697+02:00</OrderDate>
    <ShipDate>2023-01-19T12:44:06.7456698+02:00</ShipDate>
    <DeliveryDate>2023-01-19T12:44:06.74567+02:00</DeliveryDate>
  </Order>
  <Order>
    <ID>30</ID>
    <CustomerName>shira</CustomerName>
    <CustomerEmail>michal@gmail.com</CustomerEmail>
    <CustomerAdress>givhat shmuel</CustomerAdress>
    <OrderDate>2023-01-19T12:44:06.7456702+02:00</OrderDate>
    <ShipDate>2023-01-19T12:44:06.7456704+02:00</ShipDate>
    <DeliveryDate>2023-01-19T12:44:06.7456705+02:00</DeliveryDate>
  </Order>
  <Order>
    <ID>31</ID>
    <CustomerName>michal</CustomerName>
    <CustomerEmail>shira@gmail.com</CustomerEmail>
    <CustomerAdress>beit shemesh</CustomerAdress>
    <OrderDate>2023-01-19T12:44:06.7456708+02:00</OrderDate>
    <ShipDate>2023-01-19T12:44:06.745671+02:00</ShipDate>
    <DeliveryDate>2023-01-19T12:44:06.7456711+02:00</DeliveryDate>
  </Order>
  <Order>
    <ID>32</ID>
    <CustomerName>michal</CustomerName>
    <CustomerEmail>shira@gmail.com</CustomerEmail>
    <CustomerAdress>givhat shmuel</CustomerAdress>
    <OrderDate>2023-01-19T12:44:06.7456714+02:00</OrderDate>
    <ShipDate>2023-01-19T12:44:06.7456715+02:00</ShipDate>
    <DeliveryDate>2023-01-19T12:44:06.7456717+02:00</DeliveryDate>
  </Order>
  <Order>
    <ID>33</ID>
    <CustomerName>shira</CustomerName>
    <CustomerEmail>moshe@gmail.com</CustomerEmail>
    <CustomerAdress>tel aviv</CustomerAdress>
    <OrderDate>2023-01-19T12:44:06.7456725+02:00</OrderDate>
    <ShipDate>2023-01-19T12:44:06.7456727+02:00</ShipDate>
    <DeliveryDate>2023-01-19T12:44:06.7456728+02:00</DeliveryDate>
  </Order>
  <Order>
    <ID>34</ID>
    <CustomerName>haim</CustomerName>
    <CustomerEmail>shira@gmail.com</CustomerEmail>
    <CustomerAdress>bnei brak</CustomerAdress>
    <OrderDate>2023-01-19T12:44:06.745673+02:00</OrderDate>
    <ShipDate>2023-01-19T12:44:06.7456732+02:00</ShipDate>
    <DeliveryDate>2023-01-19T12:44:06.7456733+02:00</DeliveryDate>
  </Order>
  <Order>
    <ID>35</ID>
    <CustomerName>haim</CustomerName>
    <CustomerEmail>michal@gmail.com</CustomerEmail>
    <CustomerAdress>tel aviv</CustomerAdress>
    <OrderDate>2023-01-19T12:44:06.7456736+02:00</OrderDate>
    <ShipDate>2023-01-19T12:44:06.7456737+02:00</ShipDate>
    <DeliveryDate>2023-01-19T12:44:06.7456739+02:00</DeliveryDate>
  </Order>
  <Order>
    <ID>36</ID>
    <CustomerName>shira</CustomerName>
    <CustomerEmail>haim@gmail.com</CustomerEmail>
    <CustomerAdress>givhat shmuel</CustomerAdress>
    <OrderDate>2023-01-19T12:44:06.7456741+02:00</OrderDate>
    <ShipDate>2023-01-19T12:44:06.7456742+02:00</ShipDate>
    <DeliveryDate>2023-01-19T12:44:06.7456744+02:00</DeliveryDate>
  </Order>
  <Order>
    <ID>37</ID>
    <CustomerName>moshe</CustomerName>
    <CustomerEmail>haim@gmail.com</CustomerEmail>
    <CustomerAdress>givhat shmuel</CustomerAdress>
    <OrderDate>2023-01-19T12:44:06.7456747+02:00</OrderDate>
    <ShipDate>2023-01-19T12:44:06.7456748+02:00</ShipDate>
    <DeliveryDate>2023-01-19T12:44:06.7456749+02:00</DeliveryDate>
  </Order>
  <Order>
    <ID>38</ID>
    <CustomerName>moshe</CustomerName>
    <CustomerEmail>moshe@gmail.com</CustomerEmail>
    <CustomerAdress>beit shemesh</CustomerAdress>
    <OrderDate>2023-01-19T12:44:06.7456752+02:00</OrderDate>
    <ShipDate>2023-01-19T12:44:06.7456754+02:00</ShipDate>
    <DeliveryDate>2023-01-19T12:44:06.7456755+02:00</DeliveryDate>
  </Order>
  <Order>
    <ID>39</ID>
    <CustomerName>haim</CustomerName>
    <CustomerEmail>haim@gmail.com</CustomerEmail>
    <CustomerAdress>tel aviv</CustomerAdress>
    <OrderDate>2023-01-19T12:44:06.7456757+02:00</OrderDate>
    <ShipDate>2023-01-19T12:44:06.7456759+02:00</ShipDate>
    <DeliveryDate>2023-01-19T12:44:06.745676+02:00</DeliveryDate>
  </Order>
  <Order>
    <ID>40</ID>
    <CustomerName>haim</CustomerName>
    <CustomerEmail>shira@gmail.com</CustomerEmail>
    <CustomerAdress>givhat shmuel</CustomerAdress>
    <OrderDate>2023-01-19T12:44:06.7456763+02:00</OrderDate>
    <ShipDate>2023-01-19T12:44:06.7456764+02:00</ShipDate>
    <DeliveryDate>2023-01-19T12:44:06.7456766+02:00</DeliveryDate>
  </Order>
  <Order>
    <ID>41</ID>
    <CustomerName>shira</CustomerName>
    <CustomerEmail>moshe@gmail.com</CustomerEmail>
    <CustomerAdress>tel aviv</CustomerAdress>
    <OrderDate>2023-01-19T12:44:06.7456768+02:00</OrderDate>
    <ShipDate>2023-01-19T12:44:06.745677+02:00</ShipDate>
    <DeliveryDate>2023-01-19T12:44:06.7456771+02:00</DeliveryDate>
  </Order>
  <Order>
    <ID>42</ID>
    <CustomerName>neta</CustomerName>
    <CustomerEmail>moshe@gmail.com</CustomerEmail>
    <CustomerAdress>ramat gan</CustomerAdress>
    <OrderDate>2023-01-19T12:44:06.7456773+02:00</OrderDate>
    <ShipDate>2023-01-19T12:44:06.7456775+02:00</ShipDate>
    <DeliveryDate>2023-01-19T12:44:06.7456776+02:00</DeliveryDate>
  </Order>
  <Order>
    <ID>43</ID>
    <CustomerName>shira</CustomerName>
    <CustomerEmail>haim@gmail.com</CustomerEmail>
    <CustomerAdress>ramat gan</CustomerAdress>
    <OrderDate>2023-01-19T12:44:06.7456779+02:00</OrderDate>
    <ShipDate>2023-01-19T12:44:06.745678+02:00</ShipDate>
    <DeliveryDate>2023-01-19T12:44:06.7456782+02:00</DeliveryDate>
  </Order>
  <Order>
    <ID>44</ID>
    <CustomerName>haim</CustomerName>
    <CustomerEmail>haim@gmail.com</CustomerEmail>
    <CustomerAdress>bnei brak</CustomerAdress>
    <OrderDate>2023-01-19T12:44:06.7456784+02:00</OrderDate>
    <ShipDate>2023-01-19T12:44:06.7456785+02:00</ShipDate>
    <DeliveryDate>2023-01-19T12:44:06.7456787+02:00</DeliveryDate>
  </Order>
  <Order>
    <ID>45</ID>
    <CustomerName>moshe</CustomerName>
    <CustomerEmail>shira@gmail.com</CustomerEmail>
    <CustomerAdress>givhat shmuel</CustomerAdress>
    <OrderDate>2023-01-19T12:44:06.7456789+02:00</OrderDate>
    <ShipDate>2023-01-19T12:44:06.7456791+02:00</ShipDate>
    <DeliveryDate>2023-01-19T12:44:06.7456792+02:00</DeliveryDate>
  </Order>
  <Order>
    <ID>46</ID>
    <CustomerName>haim</CustomerName>
    <CustomerEmail>michal@gmail.com</CustomerEmail>
    <CustomerAdress>bnei brak</CustomerAdress>
    <OrderDate>2023-01-19T12:44:06.7456795+02:00</OrderDate>
    <ShipDate>2023-01-19T12:44:06.7456797+02:00</ShipDate>
    <DeliveryDate>2023-01-19T12:44:06.7456798+02:00</DeliveryDate>
  </Order>
  <Order>
    <ID>47</ID>
    <CustomerName>moshe</CustomerName>
    <CustomerEmail>shira@gmail.com</CustomerEmail>
    <CustomerAdress>beit shemesh</CustomerAdress>
    <OrderDate>2023-01-19T12:44:06.7456801+02:00</OrderDate>
    <ShipDate>2023-01-19T12:44:06.7456802+02:00</ShipDate>
    <DeliveryDate>2023-01-19T12:44:06.7456803+02:00</DeliveryDate>
  </Order>
  <Order>
    <ID>48</ID>
    <CustomerName>moshe</CustomerName>
    <CustomerEmail>michal@gmail.com</CustomerEmail>
    <CustomerAdress>bnei brak</CustomerAdress>
    <OrderDate>2023-01-19T12:44:06.7456806+02:00</OrderDate>
    <ShipDate>2023-01-19T12:44:06.7456807+02:00</ShipDate>
    <DeliveryDate>2023-01-19T12:44:06.7456809+02:00</DeliveryDate>
  </Order>
  <Order>
    <ID>49</ID>
    <CustomerName>haim</CustomerName>
    <CustomerEmail>haim@gmail.com</CustomerEmail>
    <CustomerAdress>beit shemesh</CustomerAdress>
    <OrderDate>2023-01-19T12:44:06.7456811+02:00</OrderDate>
    <ShipDate>2023-01-19T12:44:06.7456813+02:00</ShipDate>
    <DeliveryDate>2023-01-19T12:44:06.7456814+02:00</DeliveryDate>
  </Order>
  <Order>
    <Id>19</Id>
    <CustomerName>כ</CustomerName>
    <CustomerEmail>v@gmail.com</CustomerEmail>
    <CustomerAdress>ככ</CustomerAdress>
    <OrderDate>2023-01-19T16:07:49.7953104+02:00</OrderDate>
    <ShipDate />
    <DeliveryDate />
  </Order>
  <Order>
    <Id>20</Id>
    <CustomerName>ח</CustomerName>
    <CustomerEmail>j@gmail.com</CustomerEmail>
    <CustomerAdress>ח</CustomerAdress>
    <OrderDate>2023-01-19T16:50:50.684409+02:00</OrderDate>
    <ShipDate />
    <DeliveryDate />
  </Order>
</ArrayOfOrder>