﻿<?xml version="1.0" encoding="utf-8"?>
<ArrayOfProduct xmlns:xsi="http://www.w3.org/2001/XMLSchema-instance" xmlns:xsd="http://www.w3.org/2001/XMLSchema">
  <Product>
    <ID>340674</ID>
    <Name>product3</Name>
    <Category>earring</Category>
    <InStock>156</InStock>
    <Price>100</Price>
  </Product>
  <Product>
    <ID>270556</ID>
    <Name>product6</Name>
    <Category>ring</Category>
    <InStock>112</InStock>
    <Price>100</Price>
  </Product>
  <Product>
    <ID>166353</ID>
    <Name>product7</Name>
    <Category>bracelet</Category>
    <InStock>110</InStock>
    <Price>100</Price>
  </Product>
  <Product>
    <ID>435967</ID>
    <Name>product8</Name>
    <Category>ring</Category>
    <InStock>128</InStock>
    <Price>100</Price>
  </Product>
  <Product>
    <ID>600084</ID>
    <Name>product9</Name>
    <Category>sets</Category>
    <InStock>134</InStock>
    <Price>100</Price>
  </Product>
  <Product>
    <ID>343407</ID>
    <Name>product11</Name>
    <Category>ring</Category>
    <InStock>180</InStock>
    <Price>100</Price>
  </Product>
  <Product>
    <ID>699544</ID>
    <Name>product13</Name>
    <Category>earring</Category>
    <InStock>139</InStock>
    <Price>100</Price>
  </Product>
  <Product>
    <ID>111</ID>
    <Name>yyyyyyyyyyy</Name>
    <Category>ring</Category>
    <InStock>5</InStock>
    <Price>3</Price>
  </Product>
  <Product>
    <ID>998877</ID>
    <Name>שרשרת זהב</Name>
    <Category>bracelet</Category>
    <InStock>11</InStock>
    <Price>11</Price>
  </Product>
  <Product>
    <ID>824192</ID>
    <Name>צמיד</Name>
    <Category>necklace</Category>
    <InStock>116</InStock>
    <Price>100</Price>
  </Product>
  <Product>
    <ID>819487</ID>
    <Name>product2</Name>
    <Category>sets</Category>
    <InStock>194</InStock>
    <Price>100</Price>
  </Product>
  <Product>
    <ID>283843</ID>
    <Name>product5</Name>
    <Category>sets</Category>
    <InStock>103</InStock>
    <Price>100</Price>
  </Product>
  <Product>
    <ID>245779</ID>
    <Name>product4</Name>
    <Category>necklace</Category>
    <InStock>176</InStock>
    <Price>100</Price>
  </Product>
  <Product>
    <ID>739223</ID>
    <Name>product0</Name>
    <Category>bracelet</Category>
    <InStock>184</InStock>
    <Price>70</Price>
  </Product>
</ArrayOfProduct>