﻿<?xml version="1.0" encoding="utf-8"?><ArrayOfOrder xmlns:xsi="http://www.w3.org/2001/XMLSchema-instance" xmlns:xsd="http://www.w3.org/2001/XMLSchema"><Order><ID>1000000</ID><CustomerName>michal</CustomerName><CustomerEmail>shira@gmail.com</CustomerEmail><CustomerAdress>bnei brak</CustomerAdress><OrderDate>2023-01-30T14:20:06.5956073+02:00</OrderDate><ShipDate xsi:nil="true" /><DeliveryDate xsi:nil="true" /></Order><Order><ID>1000001</ID><CustomerName>neta</CustomerName><CustomerEmail>michal@gmail.com</CustomerEmail><CustomerAdress>ramat gan</CustomerAdress><OrderDate>2023-01-30T14:20:06.5971158+02:00</OrderDate><ShipDate xsi:nil="true" /><DeliveryDate xsi:nil="true" /></Order><Order><ID>1000002</ID><CustomerName>shira</CustomerName><CustomerEmail>michal@gmail.com</CustomerEmail><CustomerAdress>ramat gan</CustomerAdress><OrderDate>2023-01-30T14:20:06.5971243+02:00</OrderDate><ShipDate xsi:nil="true" /><DeliveryDate xsi:nil="true" /></Order><Order><ID>1000003</ID><CustomerName>neta</CustomerName><CustomerEmail>michal@gmail.com</CustomerEmail><CustomerAdress>givhat shmuel</CustomerAdress><OrderDate>2023-01-30T14:20:06.5971247+02:00</OrderDate><ShipDate xsi:nil="true" /><DeliveryDate xsi:nil="true" /></Order><Order><ID>1000004</ID><CustomerName>moshe</CustomerName><CustomerEmail>neta@gmail.com</CustomerEmail><CustomerAdress>bnei brak</CustomerAdress><OrderDate>2023-01-30T14:20:06.597125+02:00</OrderDate><ShipDate xsi:nil="true" /><DeliveryDate xsi:nil="true" /></Order><Order><ID>1000005</ID><CustomerName>moshe</CustomerName><CustomerEmail>michal@gmail.com</CustomerEmail><CustomerAdress>ramat gan</CustomerAdress><OrderDate>2023-01-30T14:20:06.597127+02:00</OrderDate><ShipDate xsi:nil="true" /><DeliveryDate xsi:nil="true" /></Order><Order><ID>1000006</ID><CustomerName>moshe</CustomerName><CustomerEmail>shira@gmail.com</CustomerEmail><CustomerAdress>givhat shmuel</CustomerAdress><OrderDate>2023-01-30T14:20:06.5971275+02:00</OrderDate><ShipDate xsi:nil="true" /><DeliveryDate xsi:nil="true" /></Order><Order><ID>1000007</ID><CustomerName>moshe</CustomerName><CustomerEmail>haim@gmail.com</CustomerEmail><CustomerAdress>givhat shmuel</CustomerAdress><OrderDate>2023-01-30T14:20:06.5971278+02:00</OrderDate><ShipDate xsi:nil="true" /><DeliveryDate xsi:nil="true" /></Order><Order><ID>1000008</ID><CustomerName>michal</CustomerName><CustomerEmail>shira@gmail.com</CustomerEmail><CustomerAdress>tel aviv</CustomerAdress><OrderDate>2023-01-30T14:20:06.597128+02:00</OrderDate><ShipDate xsi:nil="true" /><DeliveryDate xsi:nil="true" /></Order><Order><ID>1000009</ID><CustomerName>neta</CustomerName><CustomerEmail>shira@gmail.com</CustomerEmail><CustomerAdress>givhat shmuel</CustomerAdress><OrderDate>2023-01-30T14:20:06.5971284+02:00</OrderDate><ShipDate xsi:nil="true" /><DeliveryDate xsi:nil="true" /></Order><Order><ID>1000010</ID><CustomerName>neta</CustomerName><CustomerEmail>moshe@gmail.com</CustomerEmail><CustomerAdress>tel aviv</CustomerAdress><OrderDate>2023-01-30T14:20:06.5971287+02:00</OrderDate><ShipDate xsi:nil="true" /><DeliveryDate xsi:nil="true" /></Order><Order><ID>1000011</ID><CustomerName>neta</CustomerName><CustomerEmail>haim@gmail.com</CustomerEmail><CustomerAdress>givhat shmuel</CustomerAdress><OrderDate>2023-01-30T14:20:06.5971289+02:00</OrderDate><ShipDate xsi:nil="true" /><DeliveryDate xsi:nil="true" /></Order><Order><ID>1000012</ID><CustomerName>shira</CustomerName><CustomerEmail>moshe@gmail.com</CustomerEmail><CustomerAdress>ramat gan</CustomerAdress><OrderDate>2023-01-30T14:20:06.5971291+02:00</OrderDate><ShipDate xsi:nil="true" /><DeliveryDate xsi:nil="true" /></Order><Order><ID>1000013</ID><CustomerName>moshe</CustomerName><CustomerEmail>neta@gmail.com</CustomerEmail><CustomerAdress>beit shemesh</CustomerAdress><OrderDate>2023-01-30T14:20:06.5971293+02:00</OrderDate><ShipDate xsi:nil="true" /><DeliveryDate xsi:nil="true" /></Order><Order><ID>1000014</ID><CustomerName>neta</CustomerName><CustomerEmail>neta@gmail.com</CustomerEmail><CustomerAdress>tel aviv</CustomerAdress><OrderDate>2023-01-30T14:20:06.5971296+02:00</OrderDate><ShipDate xsi:nil="true" /><DeliveryDate xsi:nil="true" /></Order><Order><ID>1000015</ID><CustomerName>michal</CustomerName><CustomerEmail>neta@gmail.com</CustomerEmail><CustomerAdress>givhat shmuel</CustomerAdress><OrderDate>2023-01-30T14:20:06.5971298+02:00</OrderDate><ShipDate xsi:nil="true" /><DeliveryDate xsi:nil="true" /></Order><Order><ID>1000016</ID><CustomerName>michal</CustomerName><CustomerEmail>michal@gmail.com</CustomerEmail><CustomerAdress>givhat shmuel</CustomerAdress><OrderDate>2023-01-30T14:20:06.59713+02:00</OrderDate><ShipDate xsi:nil="true" /><DeliveryDate xsi:nil="true" /></Order><Order><ID>1000017</ID><CustomerName>neta</CustomerName><CustomerEmail>haim@gmail.com</CustomerEmail><CustomerAdress>tel aviv</CustomerAdress><OrderDate>2023-01-30T14:20:06.5971334+02:00</OrderDate><ShipDate xsi:nil="true" /><DeliveryDate xsi:nil="true" /></Order><Order><ID>1000018</ID><CustomerName>shira</CustomerName><CustomerEmail>moshe@gmail.com</CustomerEmail><CustomerAdress>givhat shmuel</CustomerAdress><OrderDate>2023-01-30T14:20:06.5971337+02:00</OrderDate><ShipDate xsi:nil="true" /><DeliveryDate xsi:nil="true" /></Order><Order><ID>1000019</ID><CustomerName>moshe</CustomerName><CustomerEmail>haim@gmail.com</CustomerEmail><CustomerAdress>beit shemesh</CustomerAdress><OrderDate>2023-01-30T14:20:06.5971339+02:00</OrderDate><ShipDate xsi:nil="true" /><DeliveryDate xsi:nil="true" /></Order><Order><ID>1000020</ID><CustomerName>haim</CustomerName><CustomerEmail>neta@gmail.com</CustomerEmail><CustomerAdress>beit shemesh</CustomerAdress><OrderDate>2023-01-30T14:20:06.5971342+02:00</OrderDate><ShipDate>2023-01-30T21:19:15.5971342+02:00</ShipDate><DeliveryDate xsi:nil="true" /></Order><Order><ID>1000021</ID><CustomerName>haim</CustomerName><CustomerEmail>neta@gmail.com</CustomerEmail><CustomerAdress>ramat gan</CustomerAdress><OrderDate>2023-01-30T14:20:06.5972927+02:00</OrderDate><ShipDate>2023-02-02T00:26:29.5972927+02:00</ShipDate><DeliveryDate xsi:nil="true" /></Order><Order><ID>1000022</ID><CustomerName>shira</CustomerName><CustomerEmail>michal@gmail.com</CustomerEmail><CustomerAdress>ramat gan</CustomerAdress><OrderDate>2023-01-30T14:20:06.5972958+02:00</OrderDate><ShipDate>2023-01-31T04:26:25.5972958+02:00</ShipDate><DeliveryDate xsi:nil="true" /></Order><Order><ID>1000023</ID><CustomerName>neta</CustomerName><CustomerEmail>neta@gmail.com</CustomerEmail><CustomerAdress>bnei brak</CustomerAdress><OrderDate>2023-01-30T14:20:06.5972962+02:00</OrderDate><ShipDate>2023-01-30T15:21:08.5972962+02:00</ShipDate><DeliveryDate xsi:nil="true" /></Order><Order><ID>1000024</ID><CustomerName>neta</CustomerName><CustomerEmail>michal@gmail.com</CustomerEmail><CustomerAdress>beit shemesh</CustomerAdress><OrderDate>2023-01-30T14:20:06.5972966+02:00</OrderDate><ShipDate>2023-02-01T02:31:19.5972966+02:00</ShipDate><DeliveryDate xsi:nil="true" /></Order><Order><ID>1000025</ID><CustomerName>shira</CustomerName><CustomerEmail>neta@gmail.com</CustomerEmail><CustomerAdress>beit shemesh</CustomerAdress><OrderDate>2023-01-30T14:20:06.5972969+02:00</OrderDate><ShipDate>2023-01-30T14:46:22.5972969+02:00</ShipDate><DeliveryDate xsi:nil="true" /></Order><Order><ID>1000026</ID><CustomerName>neta</CustomerName><CustomerEmail>michal@gmail.com</CustomerEmail><CustomerAdress>beit shemesh</CustomerAdress><OrderDate>2023-01-30T14:20:06.5972972+02:00</OrderDate><ShipDate>2023-02-01T10:12:15.5972972+02:00</ShipDate><DeliveryDate xsi:nil="true" /></Order><Order><ID>1000027</ID><CustomerName>shira</CustomerName><CustomerEmail>moshe@gmail.com</CustomerEmail><CustomerAdress>givhat shmuel</CustomerAdress><OrderDate>2023-01-30T14:20:06.5972975+02:00</OrderDate><ShipDate>2023-01-31T04:04:19.5972975+02:00</ShipDate><DeliveryDate xsi:nil="true" /></Order><Order><ID>1000028</ID><CustomerName>moshe</CustomerName><CustomerEmail>neta@gmail.com</CustomerEmail><CustomerAdress>bnei brak</CustomerAdress><OrderDate>2023-01-30T14:20:06.5972978+02:00</OrderDate><ShipDate>2023-02-01T15:00:19.5972978+02:00</ShipDate><DeliveryDate xsi:nil="true" /></Order><Order><ID>1000029</ID><CustomerName>neta</CustomerName><CustomerEmail>haim@gmail.com</CustomerEmail><CustomerAdress>bnei brak</CustomerAdress><OrderDate>2023-01-30T14:20:06.597298+02:00</OrderDate><ShipDate>2023-01-30T17:10:26.597298+02:00</ShipDate><DeliveryDate xsi:nil="true" /></Order><Order><ID>1000030</ID><CustomerName>michal</CustomerName><CustomerEmail>michal@gmail.com</CustomerEmail><CustomerAdress>tel aviv</CustomerAdress><OrderDate>2023-01-30T14:20:06.5972983+02:00</OrderDate><ShipDate>2023-02-01T00:32:23.5972983+02:00</ShipDate><DeliveryDate xsi:nil="true" /></Order><Order><ID>1000031</ID><CustomerName>moshe</CustomerName><CustomerEmail>michal@gmail.com</CustomerEmail><CustomerAdress>givhat shmuel</CustomerAdress><OrderDate>2023-01-30T14:20:06.5972986+02:00</OrderDate><ShipDate>2023-02-01T18:53:13.5972986+02:00</ShipDate><DeliveryDate xsi:nil="true" /></Order><Order><ID>1000032</ID><CustomerName>haim</CustomerName><CustomerEmail>moshe@gmail.com</CustomerEmail><CustomerAdress>tel aviv</CustomerAdress><OrderDate>2023-01-30T14:20:06.5972989+02:00</OrderDate><ShipDate>2023-01-31T17:40:08.5972989+02:00</ShipDate><DeliveryDate xsi:nil="true" /></Order><Order><ID>1000033</ID><CustomerName>michal</CustomerName><CustomerEmail>haim@gmail.com</CustomerEmail><CustomerAdress>givhat shmuel</CustomerAdress><OrderDate>2023-01-30T14:20:06.5973007+02:00</OrderDate><ShipDate>2023-02-01T23:15:21.5973007+02:00</ShipDate><DeliveryDate xsi:nil="true" /></Order><Order><ID>1000034</ID><CustomerName>haim</CustomerName><CustomerEmail>shira@gmail.com</CustomerEmail><CustomerAdress>beit shemesh</CustomerAdress><OrderDate>2023-01-30T14:20:06.597301+02:00</OrderDate><ShipDate>2023-02-01T01:39:08.597301+02:00</ShipDate><DeliveryDate xsi:nil="true" /></Order><Order><ID>1000035</ID><CustomerName>haim</CustomerName><CustomerEmail>michal@gmail.com</CustomerEmail><CustomerAdress>bnei brak</CustomerAdress><OrderDate>2023-01-30T14:20:06.5973012+02:00</OrderDate><ShipDate>2023-02-01T07:05:20.5973012+02:00</ShipDate><DeliveryDate xsi:nil="true" /></Order><Order><ID>1000036</ID><CustomerName>moshe</CustomerName><CustomerEmail>haim@gmail.com</CustomerEmail><CustomerAdress>beit shemesh</CustomerAdress><OrderDate>2023-01-30T14:20:06.5973015+02:00</OrderDate><ShipDate>2023-02-01T09:12:09.5973015+02:00</ShipDate><DeliveryDate xsi:nil="true" /></Order><Order><ID>1000037</ID><CustomerName>neta</CustomerName><CustomerEmail>moshe@gmail.com</CustomerEmail><CustomerAdress>givhat shmuel</CustomerAdress><OrderDate>2023-01-30T14:20:06.5973018+02:00</OrderDate><ShipDate>2023-02-01T11:30:22.5973018+02:00</ShipDate><DeliveryDate xsi:nil="true" /></Order><Order><ID>1000038</ID><CustomerName>michal</CustomerName><CustomerEmail>moshe@gmail.com</CustomerEmail><CustomerAdress>givhat shmuel</CustomerAdress><OrderDate>2023-01-30T14:20:06.5973021+02:00</OrderDate><ShipDate>2023-01-31T01:54:23.5973021+02:00</ShipDate><DeliveryDate xsi:nil="true" /></Order><Order><ID>1000039</ID><CustomerName>moshe</CustomerName><CustomerEmail>neta@gmail.com</CustomerEmail><CustomerAdress>givhat shmuel</CustomerAdress><OrderDate>2023-01-30T14:20:06.5973025+02:00</OrderDate><ShipDate>2023-01-30T20:50:20.5973025+02:00</ShipDate><DeliveryDate xsi:nil="true" /></Order><Order><ID>1000040</ID><CustomerName>haim</CustomerName><CustomerEmail>shira@gmail.com</CustomerEmail><CustomerAdress>beit shemesh</CustomerAdress><OrderDate>2023-01-30T14:20:06.597303+02:00</OrderDate><ShipDate>2023-01-31T12:19:09.597303+02:00</ShipDate><DeliveryDate>2023-01-31T17:26:10.597303+02:00</DeliveryDate></Order><Order><ID>1000041</ID><CustomerName>neta</CustomerName><CustomerEmail>moshe@gmail.com</CustomerEmail><CustomerAdress>givhat shmuel</CustomerAdress><OrderDate>2023-01-30T14:20:06.5973745+02:00</OrderDate><ShipDate>2023-02-01T04:05:25.5973745+02:00</ShipDate><DeliveryDate>2023-02-03T08:25:46.5973745+02:00</DeliveryDate></Order><Order><ID>1000042</ID><CustomerName>michal</CustomerName><CustomerEmail>neta@gmail.com</CustomerEmail><CustomerAdress>bnei brak</CustomerAdress><OrderDate>2023-01-30T14:20:06.5973754+02:00</OrderDate><ShipDate>2023-01-31T22:57:27.5973754+02:00</ShipDate><DeliveryDate>2023-02-01T16:02:47.5973754+02:00</DeliveryDate></Order><Order><ID>1000043</ID><CustomerName>shira</CustomerName><CustomerEmail>neta@gmail.com</CustomerEmail><CustomerAdress>bnei brak</CustomerAdress><OrderDate>2023-01-30T14:20:06.5973758+02:00</OrderDate><ShipDate>2023-01-31T18:32:27.5973758+02:00</ShipDate><DeliveryDate>2023-02-02T12:29:31.5973758+02:00</DeliveryDate></Order><Order><ID>1000044</ID><CustomerName>shira</CustomerName><CustomerEmail>michal@gmail.com</CustomerEmail><CustomerAdress>givhat shmuel</CustomerAdress><OrderDate>2023-01-30T14:20:06.5973763+02:00</OrderDate><ShipDate>2023-01-31T20:52:23.5973763+02:00</ShipDate><DeliveryDate>2023-02-01T11:38:30.5973763+02:00</DeliveryDate></Order><Order><ID>1000045</ID><CustomerName>michal</CustomerName><CustomerEmail>shira@gmail.com</CustomerEmail><CustomerAdress>ramat gan</CustomerAdress><OrderDate>2023-01-30T14:20:06.5973767+02:00</OrderDate><ShipDate>2023-01-31T13:58:27.5973767+02:00</ShipDate><DeliveryDate>2023-02-01T10:20:37.5973767+02:00</DeliveryDate></Order><Order><ID>1000046</ID><CustomerName>neta</CustomerName><CustomerEmail>shira@gmail.com</CustomerEmail><CustomerAdress>givhat shmuel</CustomerAdress><OrderDate>2023-01-30T14:20:06.5973772+02:00</OrderDate><ShipDate>2023-02-01T07:07:16.5973772+02:00</ShipDate><DeliveryDate>2023-02-02T10:59:20.5973772+02:00</DeliveryDate></Order><Order><ID>1000047</ID><CustomerName>moshe</CustomerName><CustomerEmail>haim@gmail.com</CustomerEmail><CustomerAdress>ramat gan</CustomerAdress><OrderDate>2023-01-30T14:20:06.5973776+02:00</OrderDate><ShipDate>2023-01-31T16:40:07.5973776+02:00</ShipDate><DeliveryDate>2023-02-01T12:09:22.5973776+02:00</DeliveryDate></Order><Order><ID>1000048</ID><CustomerName>moshe</CustomerName><CustomerEmail>haim@gmail.com</CustomerEmail><CustomerAdress>tel aviv</CustomerAdress><OrderDate>2023-01-30T14:20:06.5973781+02:00</OrderDate><ShipDate>2023-01-31T21:29:19.5973781+02:00</ShipDate><DeliveryDate>2023-02-02T01:48:34.5973781+02:00</DeliveryDate></Order><Order><ID>1000049</ID><CustomerName>haim</CustomerName><CustomerEmail>michal@gmail.com</CustomerEmail><CustomerAdress>bnei brak</CustomerAdress><OrderDate>2023-01-30T14:20:06.5973786+02:00</OrderDate><ShipDate>2023-02-02T00:27:16.5973786+02:00</ShipDate><DeliveryDate>2023-02-03T07:18:18.5973786+02:00</DeliveryDate></Order></ArrayOfOrder>