﻿<?xml version="1.0" encoding="utf-8"?><ArrayOfOrderItem xmlns:xsi="http://www.w3.org/2001/XMLSchema-instance" xmlns:xsd="http://www.w3.org/2001/XMLSchema"><OrderItem><ID>1000000</ID><ProductID>913035</ProductID><OrderID>1000000</OrderID><Price>100</Price><Amount>7</Amount></OrderItem><OrderItem><ID>1000001</ID><ProductID>974728</ProductID><OrderID>1000001</OrderID><Price>100</Price><Amount>3</Amount></OrderItem><OrderItem><ID>1000002</ID><ProductID>370945</ProductID><OrderID>1000002</OrderID><Price>100</Price><Amount>5</Amount></OrderItem><OrderItem><ID>1000003</ID><ProductID>946694</ProductID><OrderID>1000003</OrderID><Price>100</Price><Amount>6</Amount></OrderItem><OrderItem><ID>1000004</ID><ProductID>913035</ProductID><OrderID>1000004</OrderID><Price>100</Price><Amount>2</Amount></OrderItem><OrderItem><ID>1000005</ID><ProductID>370945</ProductID><OrderID>1000005</OrderID><Price>100</Price><Amount>8</Amount></OrderItem><OrderItem><ID>1000006</ID><ProductID>974728</ProductID><OrderID>1000006</OrderID><Price>100</Price><Amount>7</Amount></OrderItem><OrderItem><ID>1000007</ID><ProductID>773037</ProductID><OrderID>1000007</OrderID><Price>100</Price><Amount>9</Amount></OrderItem><OrderItem><ID>1000008</ID><ProductID>341585</ProductID><OrderID>1000008</OrderID><Price>100</Price><Amount>2</Amount></OrderItem><OrderItem><ID>1000009</ID><ProductID>486148</ProductID><OrderID>1000009</OrderID><Price>100</Price><Amount>5</Amount></OrderItem><OrderItem><ID>1000010</ID><ProductID>638363</ProductID><OrderID>1000010</OrderID><Price>100</Price><Amount>2</Amount></OrderItem><OrderItem><ID>1000011</ID><ProductID>395782</ProductID><OrderID>1000011</OrderID><Price>100</Price><Amount>2</Amount></OrderItem><OrderItem><ID>1000012</ID><ProductID>913035</ProductID><OrderID>1000012</OrderID><Price>100</Price><Amount>5</Amount></OrderItem><OrderItem><ID>1000013</ID><ProductID>395782</ProductID><OrderID>1000013</OrderID><Price>100</Price><Amount>6</Amount></OrderItem><OrderItem><ID>1000014</ID><ProductID>693534</ProductID><OrderID>1000014</OrderID><Price>100</Price><Amount>9</Amount></OrderItem><OrderItem><ID>1000015</ID><ProductID>693534</ProductID><OrderID>1000015</OrderID><Price>100</Price><Amount>9</Amount></OrderItem><OrderItem><ID>1000016</ID><ProductID>395782</ProductID><OrderID>1000016</OrderID><Price>100</Price><Amount>6</Amount></OrderItem><OrderItem><ID>1000017</ID><ProductID>321682</ProductID><OrderID>1000017</OrderID><Price>100</Price><Amount>5</Amount></OrderItem><OrderItem><ID>1000018</ID><ProductID>321682</ProductID><OrderID>1000018</OrderID><Price>100</Price><Amount>5</Amount></OrderItem><OrderItem><ID>1000019</ID><ProductID>321682</ProductID><OrderID>1000019</OrderID><Price>100</Price><Amount>6</Amount></OrderItem><OrderItem><ID>1000020</ID><ProductID>156711</ProductID><OrderID>1000020</OrderID><Price>100</Price><Amount>5</Amount></OrderItem><OrderItem><ID>1000021</ID><ProductID>974728</ProductID><OrderID>1000021</OrderID><Price>100</Price><Amount>6</Amount></OrderItem><OrderItem><ID>1000022</ID><ProductID>370945</ProductID><OrderID>1000022</OrderID><Price>100</Price><Amount>4</Amount></OrderItem><OrderItem><ID>1000023</ID><ProductID>175775</ProductID><OrderID>1000023</OrderID><Price>100</Price><Amount>7</Amount></OrderItem><OrderItem><ID>1000024</ID><ProductID>110303</ProductID><OrderID>1000024</OrderID><Price>100</Price><Amount>2</Amount></OrderItem><OrderItem><ID>1000025</ID><ProductID>341585</ProductID><OrderID>1000025</OrderID><Price>100</Price><Amount>5</Amount></OrderItem><OrderItem><ID>1000026</ID><ProductID>175775</ProductID><OrderID>1000026</OrderID><Price>100</Price><Amount>6</Amount></OrderItem><OrderItem><ID>1000027</ID><ProductID>773037</ProductID><OrderID>1000027</OrderID><Price>100</Price><Amount>9</Amount></OrderItem><OrderItem><ID>1000028</ID><ProductID>370945</ProductID><OrderID>1000028</OrderID><Price>100</Price><Amount>8</Amount></OrderItem><OrderItem><ID>1000029</ID><ProductID>321682</ProductID><OrderID>1000029</OrderID><Price>100</Price><Amount>1</Amount></OrderItem><OrderItem><ID>1000030</ID><ProductID>370945</ProductID><OrderID>1000030</OrderID><Price>100</Price><Amount>1</Amount></OrderItem><OrderItem><ID>1000031</ID><ProductID>974728</ProductID><OrderID>1000031</OrderID><Price>100</Price><Amount>2</Amount></OrderItem><OrderItem><ID>1000032</ID><ProductID>110303</ProductID><OrderID>1000032</OrderID><Price>100</Price><Amount>1</Amount></OrderItem><OrderItem><ID>1000033</ID><ProductID>773037</ProductID><OrderID>1000033</OrderID><Price>100</Price><Amount>4</Amount></OrderItem><OrderItem><ID>1000034</ID><ProductID>156711</ProductID><OrderID>1000034</OrderID><Price>100</Price><Amount>2</Amount></OrderItem><OrderItem><ID>1000035</ID><ProductID>638363</ProductID><OrderID>1000035</OrderID><Price>100</Price><Amount>3</Amount></OrderItem><OrderItem><ID>1000036</ID><ProductID>395782</ProductID><OrderID>1000036</OrderID><Price>100</Price><Amount>8</Amount></OrderItem><OrderItem><ID>1000037</ID><ProductID>110303</ProductID><OrderID>1000037</OrderID><Price>100</Price><Amount>6</Amount></OrderItem><OrderItem><ID>1000038</ID><ProductID>175775</ProductID><OrderID>1000038</OrderID><Price>100</Price><Amount>5</Amount></OrderItem><OrderItem><ID>1000039</ID><ProductID>370945</ProductID><OrderID>1000039</OrderID><Price>100</Price><Amount>3</Amount></OrderItem><OrderItem><ID>1000040</ID><ProductID>370945</ProductID><OrderID>1000040</OrderID><Price>100</Price><Amount>1</Amount></OrderItem><OrderItem><ID>1000041</ID><ProductID>486148</ProductID><OrderID>1000041</OrderID><Price>100</Price><Amount>4</Amount></OrderItem><OrderItem><ID>1000042</ID><ProductID>416255</ProductID><OrderID>1000042</OrderID><Price>100</Price><Amount>3</Amount></OrderItem><OrderItem><ID>1000043</ID><ProductID>638363</ProductID><OrderID>1000043</OrderID><Price>100</Price><Amount>9</Amount></OrderItem><OrderItem><ID>1000044</ID><ProductID>175775</ProductID><OrderID>1000044</OrderID><Price>100</Price><Amount>2</Amount></OrderItem><OrderItem><ID>1000045</ID><ProductID>416255</ProductID><OrderID>1000045</OrderID><Price>100</Price><Amount>7</Amount></OrderItem><OrderItem><ID>1000046</ID><ProductID>341585</ProductID><OrderID>1000046</OrderID><Price>100</Price><Amount>4</Amount></OrderItem><OrderItem><ID>1000047</ID><ProductID>974728</ProductID><OrderID>1000047</OrderID><Price>100</Price><Amount>3</Amount></OrderItem><OrderItem><ID>1000048</ID><ProductID>416255</ProductID><OrderID>1000048</OrderID><Price>100</Price><Amount>7</Amount></OrderItem><OrderItem><ID>1000049</ID><ProductID>156711</ProductID><OrderID>1000049</OrderID><Price>100</Price><Amount>1</Amount></OrderItem></ArrayOfOrderItem>