﻿<?xml version="1.0" encoding="utf-8"?><ArrayOfProduct xmlns:xsi="http://www.w3.org/2001/XMLSchema-instance" xmlns:xsd="http://www.w3.org/2001/XMLSchema"><Product><ID>341585</ID><Name>product0</Name><Category>sets</Category><InStock>135</InStock><Price>100</Price></Product><Product><ID>110303</ID><Name>product1</Name><Category>bracelet</Category><InStock>144</InStock><Price>100</Price></Product><Product><ID>416255</ID><Name>product2</Name><Category>bracelet</Category><InStock>114</InStock><Price>100</Price></Product><Product><ID>638363</ID><Name>product3</Name><Category>sets</Category><InStock>117</InStock><Price>100</Price></Product><Product><ID>156711</ID><Name>product4</Name><Category>bracelet</Category><InStock>161</InStock><Price>100</Price></Product><Product><ID>693534</ID><Name>product5</Name><Category>bracelet</Category><InStock>193</InStock><Price>100</Price></Product><Product><ID>486148</ID><Name>product6</Name><Category>earring</Category><InStock>199</InStock><Price>100</Price></Product><Product><ID>370945</ID><Name>product7</Name><Category>sets</Category><InStock>156</InStock><Price>100</Price></Product><Product><ID>395782</ID><Name>product8</Name><Category>sets</Category><InStock>101</InStock><Price>100</Price></Product><Product><ID>773037</ID><Name>product9</Name><Category>necklace</Category><InStock>173</InStock><Price>100</Price></Product><Product><ID>321682</ID><Name>product10</Name><Category>bracelet</Category><InStock>110</InStock><Price>100</Price></Product><Product><ID>913035</ID><Name>product11</Name><Category>sets</Category><InStock>197</InStock><Price>100</Price></Product><Product><ID>175775</ID><Name>product12</Name><Category>necklace</Category><InStock>153</InStock><Price>100</Price></Product><Product><ID>946694</ID><Name>product13</Name><Category>bracelet</Category><InStock>135</InStock><Price>100</Price></Product><Product><ID>974728</ID><Name>product14</Name><Category>ring</Category><InStock>105</InStock><Price>100</Price></Product></ArrayOfProduct>