﻿<?xml version="1.0" encoding="utf-8"?>
<ArrayOfOrderItem xmlns:xsi="http://www.w3.org/2001/XMLSchema-instance" xmlns:xsd="http://www.w3.org/2001/XMLSchema">
  <OrderItem>
    <ID>0</ID>
    <ProductID>948293</ProductID>
    <OrderID>0</OrderID>
    <Price>100</Price>
    <Amount>4</Amount>
  </OrderItem>
  <OrderItem>
    <ID>1</ID>
    <ProductID>270556</ProductID>
    <OrderID>1</OrderID>
    <Price>100</Price>
    <Amount>8</Amount>
  </OrderItem>
  <OrderItem>
    <ID>2</ID>
    <ProductID>245779</ProductID>
    <OrderID>2</OrderID>
    <Price>100</Price>
    <Amount>8</Amount>
  </OrderItem>
  <OrderItem>
    <ID>3</ID>
    <ProductID>343407</ProductID>
    <OrderID>3</OrderID>
    <Price>100</Price>
    <Amount>8</Amount>
  </OrderItem>
  <OrderItem>
    <ID>4</ID>
    <ProductID>340674</ProductID>
    <OrderID>4</OrderID>
    <Price>100</Price>
    <Amount>4</Amount>
  </OrderItem>
  <OrderItem>
    <ID>5</ID>
    <ProductID>819487</ProductID>
    <OrderID>5</OrderID>
    <Price>100</Price>
    <Amount>2</Amount>
  </OrderItem>
  <OrderItem>
    <ID>6</ID>
    <ProductID>888517</ProductID>
    <OrderID>6</OrderID>
    <Price>100</Price>
    <Amount>8</Amount>
  </OrderItem>
  <OrderItem>
    <ID>7</ID>
    <ProductID>245779</ProductID>
    <OrderID>7</OrderID>
    <Price>100</Price>
    <Amount>4</Amount>
  </OrderItem>
  <OrderItem>
    <ID>8</ID>
    <ProductID>343407</ProductID>
    <OrderID>8</OrderID>
    <Price>100</Price>
    <Amount>5</Amount>
  </OrderItem>
  <OrderItem>
    <ID>9</ID>
    <ProductID>270556</ProductID>
    <OrderID>9</OrderID>
    <Price>100</Price>
    <Amount>2</Amount>
  </OrderItem>
  <OrderItem>
    <ID>10</ID>
    <ProductID>824192</ProductID>
    <OrderID>10</OrderID>
    <Price>100</Price>
    <Amount>3</Amount>
  </OrderItem>
  <OrderItem>
    <ID>11</ID>
    <ProductID>856874</ProductID>
    <OrderID>11</OrderID>
    <Price>100</Price>
    <Amount>4</Amount>
  </OrderItem>
  <OrderItem>
    <ID>12</ID>
    <ProductID>166353</ProductID>
    <OrderID>12</OrderID>
    <Price>100</Price>
    <Amount>3</Amount>
  </OrderItem>
  <OrderItem>
    <ID>13</ID>
    <ProductID>888517</ProductID>
    <OrderID>13</OrderID>
    <Price>100</Price>
    <Amount>5</Amount>
  </OrderItem>
  <OrderItem>
    <ID>14</ID>
    <ProductID>856874</ProductID>
    <OrderID>14</OrderID>
    <Price>100</Price>
    <Amount>8</Amount>
  </OrderItem>
  <OrderItem>
    <ID>15</ID>
    <ProductID>245779</ProductID>
    <OrderID>15</OrderID>
    <Price>100</Price>
    <Amount>3</Amount>
  </OrderItem>
  <OrderItem>
    <ID>16</ID>
    <ProductID>600084</ProductID>
    <OrderID>16</OrderID>
    <Price>100</Price>
    <Amount>6</Amount>
  </OrderItem>
  <OrderItem>
    <ID>17</ID>
    <ProductID>888517</ProductID>
    <OrderID>17</OrderID>
    <Price>100</Price>
    <Amount>8</Amount>
  </OrderItem>
  <OrderItem>
    <ID>18</ID>
    <ProductID>245779</ProductID>
    <OrderID>18</OrderID>
    <Price>100</Price>
    <Amount>8</Amount>
  </OrderItem>
  <OrderItem>
    <ID>19</ID>
    <ProductID>245779</ProductID>
    <OrderID>19</OrderID>
    <Price>100</Price>
    <Amount>3</Amount>
  </OrderItem>
  <OrderItem>
    <ID>20</ID>
    <ProductID>739223</ProductID>
    <OrderID>20</OrderID>
    <Price>100</Price>
    <Amount>9</Amount>
  </OrderItem>
  <OrderItem>
    <ID>21</ID>
    <ProductID>283843</ProductID>
    <OrderID>21</OrderID>
    <Price>100</Price>
    <Amount>9</Amount>
  </OrderItem>
  <OrderItem>
    <ID>22</ID>
    <ProductID>856874</ProductID>
    <OrderID>22</OrderID>
    <Price>100</Price>
    <Amount>8</Amount>
  </OrderItem>
  <OrderItem>
    <ID>23</ID>
    <ProductID>699544</ProductID>
    <OrderID>23</OrderID>
    <Price>100</Price>
    <Amount>3</Amount>
  </OrderItem>
  <OrderItem>
    <ID>24</ID>
    <ProductID>283843</ProductID>
    <OrderID>24</OrderID>
    <Price>100</Price>
    <Amount>9</Amount>
  </OrderItem>
  <OrderItem>
    <ID>25</ID>
    <ProductID>245779</ProductID>
    <OrderID>25</OrderID>
    <Price>100</Price>
    <Amount>7</Amount>
  </OrderItem>
  <OrderItem>
    <ID>26</ID>
    <ProductID>888517</ProductID>
    <OrderID>26</OrderID>
    <Price>100</Price>
    <Amount>2</Amount>
  </OrderItem>
  <OrderItem>
    <ID>27</ID>
    <ProductID>888517</ProductID>
    <OrderID>27</OrderID>
    <Price>100</Price>
    <Amount>9</Amount>
  </OrderItem>
  <OrderItem>
    <ID>28</ID>
    <ProductID>340674</ProductID>
    <OrderID>28</OrderID>
    <Price>100</Price>
    <Amount>2</Amount>
  </OrderItem>
  <OrderItem>
    <ID>29</ID>
    <ProductID>699544</ProductID>
    <OrderID>29</OrderID>
    <Price>100</Price>
    <Amount>9</Amount>
  </OrderItem>
  <OrderItem>
    <ID>30</ID>
    <ProductID>948293</ProductID>
    <OrderID>30</OrderID>
    <Price>100</Price>
    <Amount>7</Amount>
  </OrderItem>
  <OrderItem>
    <ID>31</ID>
    <ProductID>888517</ProductID>
    <OrderID>31</OrderID>
    <Price>100</Price>
    <Amount>2</Amount>
  </OrderItem>
  <OrderItem>
    <ID>32</ID>
    <ProductID>283843</ProductID>
    <OrderID>32</OrderID>
    <Price>100</Price>
    <Amount>8</Amount>
  </OrderItem>
  <OrderItem>
    <ID>33</ID>
    <ProductID>739223</ProductID>
    <OrderID>33</OrderID>
    <Price>100</Price>
    <Amount>2</Amount>
  </OrderItem>
  <OrderItem>
    <ID>34</ID>
    <ProductID>283843</ProductID>
    <OrderID>34</OrderID>
    <Price>100</Price>
    <Amount>8</Amount>
  </OrderItem>
  <OrderItem>
    <ID>35</ID>
    <ProductID>343407</ProductID>
    <OrderID>35</OrderID>
    <Price>100</Price>
    <Amount>8</Amount>
  </OrderItem>
  <OrderItem>
    <ID>36</ID>
    <ProductID>948293</ProductID>
    <OrderID>36</OrderID>
    <Price>100</Price>
    <Amount>1</Amount>
  </OrderItem>
  <OrderItem>
    <ID>37</ID>
    <ProductID>600084</ProductID>
    <OrderID>37</OrderID>
    <Price>100</Price>
    <Amount>2</Amount>
  </OrderItem>
  <OrderItem>
    <ID>38</ID>
    <ProductID>888517</ProductID>
    <OrderID>38</OrderID>
    <Price>100</Price>
    <Amount>9</Amount>
  </OrderItem>
  <OrderItem>
    <ID>39</ID>
    <ProductID>819487</ProductID>
    <OrderID>39</OrderID>
    <Price>100</Price>
    <Amount>1</Amount>
  </OrderItem>
  <OrderItem>
    <ID>40</ID>
    <ProductID>856874</ProductID>
    <OrderID>40</OrderID>
    <Price>100</Price>
    <Amount>7</Amount>
  </OrderItem>
  <OrderItem>
    <ID>41</ID>
    <ProductID>245779</ProductID>
    <OrderID>41</OrderID>
    <Price>100</Price>
    <Amount>1</Amount>
  </OrderItem>
  <OrderItem>
    <ID>42</ID>
    <ProductID>435967</ProductID>
    <OrderID>42</OrderID>
    <Price>100</Price>
    <Amount>5</Amount>
  </OrderItem>
  <OrderItem>
    <ID>43</ID>
    <ProductID>435967</ProductID>
    <OrderID>43</OrderID>
    <Price>100</Price>
    <Amount>6</Amount>
  </OrderItem>
  <OrderItem>
    <ID>44</ID>
    <ProductID>245779</ProductID>
    <OrderID>44</OrderID>
    <Price>100</Price>
    <Amount>8</Amount>
  </OrderItem>
  <OrderItem>
    <ID>45</ID>
    <ProductID>824192</ProductID>
    <OrderID>45</OrderID>
    <Price>100</Price>
    <Amount>7</Amount>
  </OrderItem>
  <OrderItem>
    <ID>46</ID>
    <ProductID>270556</ProductID>
    <OrderID>46</OrderID>
    <Price>100</Price>
    <Amount>8</Amount>
  </OrderItem>
  <OrderItem>
    <ID>47</ID>
    <ProductID>739223</ProductID>
    <OrderID>47</OrderID>
    <Price>100</Price>
    <Amount>5</Amount>
  </OrderItem>
  <OrderItem>
    <ID>48</ID>
    <ProductID>819487</ProductID>
    <OrderID>48</OrderID>
    <Price>100</Price>
    <Amount>6</Amount>
  </OrderItem>
  <OrderItem>
    <ID>49</ID>
    <ProductID>856874</ProductID>
    <OrderID>49</OrderID>
    <Price>100</Price>
    <Amount>4</Amount>
  </OrderItem>
</ArrayOfOrderItem>